66.97%,15.16%,14.04%,3.55%,0.19%,BW,MEM_BW,switch,cpu,io,memory,network
-2.1128356356791613,4.564816941625166,6.345744715263242,0.043702975925914204,-0.47139637029381776,99.21799999999999,63.838,10311.552,17.725,992.488,3287.738,35.181
-1.8058941639569832,2.546569854606895,-0.05397142036775059,-0.2858555962887887,-0.2466831449672547,288.26599999999996,122.176,12621.605,19.453,201.438,3301.961,30.495
-1.5112246874964106,2.0374174125654387,-1.2927028604326642,-0.02172874869730021,0.019282956920125754,456.551,176.774,12422.071000000002,21.858,45.599,3303.863,35.454
-1.6686275554448349,1.7579337425921764,-1.2533801496763404,-0.07141861970514866,-0.04343816262249579,428.664,160.654,12165.086000000001,19.95,39.361999999999995,3327.445,33.865
-1.5198411551477276,2.56925106127349,-0.18482895120110654,-0.11347637257833303,0.01830173259830106,428.664,160.654,12604.382,20.012,189.919,3291.152,30.148000000000003
-1.3552594528367312,2.0166846242292,-1.322476023444238,-0.42086442234324023,0.002575192628835665,460.361,165.612,13674.542,22.553,44.159,3313.3790000000004,36.349000000000004
-1.6145759781180338,2.209921422409201,0.6757644594134847,0.035936106630930706,0.04572558086524832,445.19,163.351,11532.532,20.498,274.08299999999997,3333.328,31.134
-1.6483426078089913,2.134031444546951,-1.2490896142174852,0.07530672382823271,0.045807892021424754,445.19,163.351,12044.666000000001,20.062,52.64,3296.074,25.142
-1.2729249769275675,1.9840496256587985,-1.261701200563817,-0.6923646175422349,0.06922627897028259,484.361,168.303,14482.973,19.425,51.998999999999995,3322.91,31.188000000000002
-1.4960116656850573,2.4095534814200437,0.0457654900107551,-0.10751017415810545,0.09708264139123202,458.538,169.018,12430.732,20.244,211.045,3307.5040000000004,25.956
-1.7140010404509596,1.606401852493571,-1.1175198801279822,-0.13877702587497956,-0.01673611956101728,428.67400000000004,154.787,12136.876,19.715,49.6,3343.355,27.239
-1.526176208212536,2.2780562359599363,-0.05071079661613577,-0.335075239241391,0.011054925890630353,428.67400000000004,154.787,12953.457,18.847,195.998,3320.805,28.680999999999997
-1.6485857338562626,1.7779145434769625,-1.143648338064844,0.019059074330493152,0.0018261569723709793,453.829,158.304,11916.981000000002,20.956,52.48,3326.008,32.624
-1.6481331440870512,1.6038150726453113,-1.1727370343737558,-0.2607085183609337,-0.03072901562034494,432.759,149.832,12559.338,20.371,44.16,3344.895,29.449
-1.7185535820519053,2.007298120411164,0.0415121527058979,0.21496573746306954,0.1275750419886248,459.30300000000005,169.69,11021.034,20.839000000000002,193.921,3330.535,19.05
-1.6741826463136724,1.649330970082005,-1.0862037976927026,0.015788539067565326,0.041859128090749896,459.30300000000005,169.69,11798.221000000001,19.689,54.56,3336.863,29.013
-1.7029688511158458,1.87290086347737,-1.1672707756043617,0.03526728324540771,0.036118916870752846,450.87300000000005,160.1,11893.118,18.383,52.798,3318.32,26.429000000000002
-1.901401456465457,1.869972017393813,-0.49516472667507916,0.3401546761811034,-0.012188576894599713,420.30800000000005,148.024,10567.611,19.414,126.085,3327.2070000000003,26.223000000000003
-1.6797745104684099,2.3201985941479024,0.7086551844710366,0.005623368087842655,0.018229108324567356,420.30800000000005,148.024,11586.32,20.320999999999998,281.125,3327.066,26.361
-1.5897606415893686,1.9441831894810873,-1.2032236648055927,-0.1644190465821544,0.016904078177788415,448.288,155.179,12616.18,20.03,52.638999999999996,3316.461,28.174
-1.58614539258017,2.013117003164556,-1.2010408580509395,0.10917442763339764,0.04058164933541703,464.085,170.68099999999998,11931.044,21.428,54.24,3304.895,32.525
-1.574509344894103,2.307914990260376,1.2284246468183468,-0.09187440092875773,0.09807748056720911,462.064,160.641,11801.722,18.276,341.28,3340.8590000000004,27.635
-1.493940823191906,1.7629158921656063,-1.1524091540473442,-0.31382828331195645,0.02355187313813795,462.064,160.641,12990.068000000001,21.523000000000003,53.44,3333.934,31.115
-1.656426004975324,1.8217361321669832,-1.1524917584958105,0.0652969538941943,0.07136185894544846,464.501,165.584,11818.055,20.714000000000002,52.96,3321.395,24.996
-1.545863031950004,2.7970738229865635,1.2741413244856292,0.1441257308774351,0.09880266399223765,451.876,160.039,11490.934,21.256,362.39300000000003,3300.1409999999996,27.649
-1.7133610938869193,1.6542410338462366,-1.1327429865469416,-0.10676154079075215,-0.019421102551748205,431.801,157.245,12097.296,18.79,49.441,3338.73,29.346
-1.6373025551380191,1.9397748217559865,-1.1784329871116206,-0.13398878465964437,-0.016651594994630797,431.801,157.245,12468.579,19.098,54.72,3316.941,30.211
-1.445118938674294,2.1476392971528746,-0.011004040930449117,-0.33414906248192816,0.04331965622200551,451.356,163.024,12938.88,21.413,196.641,3330.762,30.526999999999997
-1.6761829693926396,1.8107858114696906,-1.1421730267044525,0.14370342546187315,0.027846010782668764,453.52099999999996,168.269,11569.802,21.236,53.117,3320.781,30.494
-1.586532446037216,1.6703166181801938,-1.020520171644945,-0.17741227149533217,0.01060291204048838,453.52099999999996,168.269,12411.083999999999,20.06,64.003,3340.93,32.841
-1.5950390780153578,2.0272620446377885,-1.221019673061715,-0.1289862325576524,-0.011533807444835979,432.441,157.453,12570.336000000001,20.703000000000003,53.12,3309.23,29.924
-1.267445525993191,2.7065095721268255,1.1241233060280307,-0.570308635151397,0.05994750621514268,442.96,161.44899999999998,13739.292,21.775,346.87800000000004,3319.055,30.928
-1.6923917665666175,1.5085250915615702,-1.017180262803743,-0.08380049083116516,-0.016440480966076403,446.039,154.73,11912.882,20.628,57.6,3351.32,31.776999999999997
-1.5506449728050855,2.0780387096614734,0.02407986815350351,-0.16078378578382807,0.0061794576635989616,446.039,154.73,12286.648000000001,20.989,196.71900000000002,3333.176,33.696999999999996
-1.5400428756384705,1.6470619569794882,-1.1916561803143428,-0.17970187136714152,0.02382080620939698,462.61,178.239,12524.934,20.288,44.161,3338.68,34.65
-1.5337163053250022,1.6480081545387573,-0.8276754214353004,-0.27352822947087746,-0.037807697460375086,442.93699999999995,157.843,12625.393,23.011999999999997,85.59899999999999,3348.91,36.685
-1.4721479468973722,2.3703202673898334,-0.18317486352347678,0.03652014206080237,-0.01831499527981781,450.41,165.705,12118.652,22.947,182.88099999999997,3302.098,43.038000000000004
-1.274184222874298,1.9613441564447789,-1.2327094648999652,-0.47294626174414917,0.0038833925994849533,461.594,179.513,13836.431999999999,24.365,53.118,3320.2459999999996,39.666
-1.2760508582842425,1.6139790432791774,-1.0606448826399042,-0.5466218352430339,0.027934629635031048,480.173,183.298,13743.32,24.114,61.121,3351.27,39.885999999999996
-1.6011152243734603,2.0339019103407514,-0.4927404188279964,0.045442314200297866,0.03368331246790217,445.037,171.752,11830.631000000001,21.721999999999998,135.363,3320.488,30.930999999999997
-1.3319931266228793,1.9281025358524184,-1.2105190166428914,-0.37782987251910793,-0.08136744472709069,445.037,171.752,13478.828000000001,24.378,53.43899999999999,3321.41,48.61600000000001
-1.227688536124826,1.8329486266808697,-0.9544272931032736,-0.47792993730924505,-0.012905646791709507,465.332,181.71599999999998,13703.971000000001,27.095,80.482,3335.711,44.443999999999996
-1.0608230154865,1.5681203876972412,-0.9284796459357109,-0.22075977270275954,-0.006744332315154118,523.5409999999999,221.601,13043.61,29.912,74.559,3348.762,67.514
-0.986635788127868,2.7381295587757264,1.0202310671099761,-0.15734788032068042,0.04736240922319146,513.2919999999999,204.89,13031.038,27.845,336.472,3303.191,62.963
-0.9230702391472727,1.9618468115735004,-1.238851506745395,-0.4389007886471184,-0.06162440522389951,513.2919999999999,204.89,14167.195,30.256999999999998,54.56,3317.5159999999996,71.664
-1.0528498162694806,1.5763627341680342,-1.1499856279508425,-0.5754829747497765,0.001564351286425821,504.351,205.892,14091.569,28.15,51.202,3351.652,56.13
-0.9148430002708041,2.0288868568448053,-0.4452535756512334,-0.38387403382249335,0.004284864163765391,516.851,217.88,13777.749,31.15,146.882,3328.48,66.579
-0.8943953144572669,1.7380062976959647,-1.0327181446954523,-0.7200729463782408,0.04916262307991673,516.851,217.88,14731.345,29.822,71.839,3344.813,54.909
-0.6017649448375095,2.078919421470158,0.09195284993066953,-0.7256130662778129,0.08004579154976633,551.872,251.783,14921.903999999999,32.299,213.361,3342.813,71.957
-0.8110040169123789,1.6903954299522923,-1.068010887913295,-0.15149339975757126,-0.1832649741668661,523.54,228.29,13266.581,36.74,63.678999999999995,3334.133,101.302
-0.6009107919304462,1.2804019040636339,-1.1797705031956383,-0.3621346969763525,0.08063426267020699,593.308,289.074,13871.703000000001,37.626,40.001,3365.223,84.458
-0.16772521497447154,1.817428543028091,-1.2329362639426027,-0.10825402973169226,-0.21571737193296486,608.062,297.572,14067.591999999999,46.768,53.43899999999999,3316.809,146.895
-0.08660977767535281,1.764029683468062,-0.5025308437127823,-0.3772619051912487,-0.04601394448018162,628.716,317.197,14590.483,45.891999999999996,136.637,3342.316,128.19799999999998
-0.057247201748926134,1.1740443444699906,-1.124980489318884,0.3822006906689371,0.012917897648592495,716.1569999999999,388.47900000000004,12454.659,48.152,43.202,3353.855,153.923
0.09043228968982611,1.3087097896755526,-0.4975241938111634,0.3333321477573993,-0.01715856501001527,716.1569999999999,388.47900000000004,12595.833,53.083999999999996,119.993,3358.133,162.004
-0.005736198749949217,1.0460408684555946,-1.0727692676218603,0.17855366051294863,0.20767235562965738,726.19,407.82599999999996,12936.448,50.918,46.242,3368.6479999999997,125.61399999999999
0.4209626488138309,1.9739114456371187,1.1597939930203964,-0.18695345657178541,0.03933721137071214,718.0980000000001,397.791,14234.83,52.431999999999995,335.524,3355.836,162.36700000000002
0.06143290750205138,0.9361401522144821,-1.084992858665523,0.5110617427891565,-0.020050619178093237,739.043,411.06800000000004,12070.351,52.276,39.68,3368.652,170.47
0.2372648030144864,1.636577366278395,-1.1495832772182129,0.4608294101003151,0.04393470242963639,739.043,411.06800000000004,12888.12,55.166000000000004,57.92100000000001,3315.824,162.576
-0.2031044691647522,1.215214620447304,-0.47199838794090226,2.3211831548520356,-0.031855811970210327,784.688,459.577,6837.274,59.41,109.598,3320.119,201.583
1.1194847831917185,1.692434851514516,-0.4649958698265967,0.23458383411993627,-0.518969833462202,755.947,433.968,14298.934,72.609,142.567,3328.531,276.215
1.4244640537446878,1.0575150081988596,-0.8909733512582758,0.4903653047589616,0.06409662787442853,932.837,591.753,13794.399,70.54899999999999,75.516,3357.07,252.097
2.322620853988329,1.1730947131208527,0.07054468592257321,0.5033500801344462,-7.429911937573498e-05,1013.432,691.294,14517.622,89.81700000000001,194.07,3364.7659999999996,312.881
2.584729054699489,0.9342265647768595,-1.0669576895912587,0.4535546091453424,-0.047165857215698194,1080.661,727.077,15281.402,87.32700000000001,59.045,3357.25,343.256
2.658394723641737,1.467326384006992,0.15268140603400485,0.7551043871474706,-0.10857392445593274,1080.661,727.077,14459.265,89.78200000000001,214.88299999999998,3337.262,361.02
2.8707528961756217,0.8466444510523159,-1.041328858328022,0.438931192607079,-0.026886348662043043,1118.69,773.1510000000001,15600.008,91.539,60.961000000000006,3363.07,360.45099999999996
3.1755947986821673,1.0619887835681754,-1.2530211229383215,0.5354735675927855,-0.015826083282476974,1166.07,828.935,15965.532,91.76799999999999,46.24,3338.6290000000004,384.96
3.069133074749154,1.8582607030893648,2.6317754745114725,0.8313724272354367,-0.12917594317056288,1134.638,785.9689999999999,14135.95,91.102,512.318,3358.699,402.504
2.8817881897006496,1.1383444904591737,-1.1937008036098637,0.44193225519044815,0.06305526731116332,1134.638,785.9689999999999,15888.329,86.99600000000001,54.24,3337.902,352.565
2.2739093590974253,0.8592219828972206,-1.0388196971272907,0.5170613887205562,-0.007163263031534744,1039.871,698.135,14661.733999999999,84.913,57.28,3363.4840000000004,317.887
2.9333855169113474,1.0508910369288937,0.9229553207782742,0.7142389303797222,0.10411177925035871,1144.974,815.447,14356.208999999999,92.97,290.56,3383.8979999999997,361.055
2.8041575966945715,0.7318767263876322,-0.8728945903443825,0.6651149378970465,0.32378964107852226,1164.489,820.7080000000001,14771.271999999999,92.494,75.68,3369.547,321.23400000000004
3.176780288205949,1.2881620657380484,0.21245219979889093,0.4235959082791923,0.11100748014131213,1164.489,820.7080000000001,15857.116000000002,93.382,221.03900000000002,3356.4390000000003,365.289
2.754811295231978,0.48705973013495185,-0.8907072252758403,0.9642917114151456,-0.04124544620963388,1142.765,791.4119999999999,13752.393,93.93299999999999,62.72,3381.051,372.973
3.0183763049249284,1.0577901628127426,0.3711929948375773,0.6856942043397783,0.19562904498305717,1174.46,841.7689999999999,14766.606000000002,91.15700000000001,229.275,3371.34,357.12699999999995
2.8653770439738335,0.4452262813005428,-0.1057209768498915,0.7618662340812793,0.05589564127723258,1151.191,819.543,14118.598999999998,93.994,152.16,3405.336,366.245
3.2483587411923756,0.5827877219185675,-1.0459011723027645,0.1204527611871941,-0.034390655866113416,1156.075,822.2810000000001,16748.582,94.697,55.201,3387.961,381.80699999999996
2.8738403437716062,-0.12353607607644311,-0.7300268157282597,0.5243643501700349,0.006391963967286306,1153.521,834.324,14643.576000000001,91.05799999999999,62.72,3439.219,374.019
3.1606623010557664,0.5150244619126627,1.01365459526446,0.3951848418107091,-0.08172259947111832,1153.521,834.324,15116.388,93.639,284.801,3432.035,398.24300000000005
3.002709041636324,0.2741179312849855,-0.938239798500745,0.40204430379631106,0.15769103953043265,1172.104,843.331,15462.593,92.023,54.56,3407.305,355.464
2.797935137084131,0.006502384118769009,-0.7677048091284142,0.36291636228322055,0.24982462640210296,1148.629,828.462,15052.396999999999,92.76799999999999,63.52,3432.625,328.161
3.3337631201309477,1.2394739363608636,1.8466794474965156,0.29894071466431554,-0.016367216473723595,1161.877,835.3560000000001,15763.401000000002,93.458,406.082,3398.1209999999996,395.19199999999995
3.2121484687182535,0.009437007085187117,-0.7455912692200724,-0.02277679731126562,-0.04104125703188843,1161.877,835.3560000000001,16612.705,93.01700000000001,69.92,3440.3320000000003,385.254
3.068359226959846,-0.07612810856578314,-0.7451068569798878,0.39079600034673834,0.048890717775347585,1181.035,846.794,15268.726999999999,93.73100000000001,64.632,3437.441,376.985
3.23804483995306,0.908634170978237,3.469138347387155,0.2917026662183926,-0.01714569157274137,1153.9080000000001,834.913,14845.818000000001,93.56700000000001,578.141,3458.656,396.02099999999996
3.163922948121643,-0.04890714459668156,-0.6898814695622896,0.22041905325172192,-0.14965494442893526,1153.9080000000001,834.913,15842.43,93.76899999999999,72.6,3440.563,402.57199999999995
2.937366408379326,0.23198356916413504,-0.872897295065737,0.8058974493041963,0.03358452201944679,1173.391,840.2539999999999,14245.395,93.61,58.111999999999995,3402.8590000000004,377.778
2.715076602167097,-0.03402191430357218,-0.7859822343736641,0.14532121383841143,0.47109027748889226,1157.271,821.7139999999999,15505.296999999999,91.772,60.96,3440.3709999999996,288.759
3.014372940338499,0.42474236017272193,0.613008093086658,0.5590931367123279,-0.06291368524685959,1151.274,824.69,14585.688999999998,92.70100000000001,234.64,3426.7729999999997,390.501
2.7894106189681,-0.06538328271919253,-0.8243576729091893,0.4443844328758874,0.14461002070000442,1151.274,824.69,14814.919,91.00299999999999,54.081,3434.961,346.339
2.9591652186643613,0.10262344468542339,-0.6675099626721566,0.5861518532971168,-0.111210771582234,1160.205,825.311,14722.618,90.321,77.76,3422.199,396.249
2.721749312476737,0.3141766855253037,1.1427606669025763,0.15965530410498696,-0.027349791163644433,1103.835,765.814,15032.052,86.98200000000001,290.711,3457.414,357.86300000000006
2.4921922534442156,0.22222882459362397,-0.006226525057251864,0.2507347717570402,-0.013616509335028362,1068.4160000000002,738.29,14840.749,87.94,155.043,3438.1479999999997,335.65
2.6153659315250812,-0.24305889490339655,-0.7170806988547579,-0.06571368439524435,-0.08664249710974295,1094.894,732.784,15807.687,87.04299999999999,60.481,3463.781,349.83
2.4637130503489684,-0.02653790890733819,-0.7151738634845252,0.3722267184069358,-0.13219533011636622,1069.088,734.408,14581.489,87.98299999999999,65.065,3438.453,352.941
2.31688198853857,0.766101643746276,1.1741466643153453,0.18991769446847656,0.36270869585953736,1069.088,734.408,14710.871000000001,84.906,307.778,3425.559,273.572
2.5862539283644024,-0.2186260870653063,-0.32629654025900634,-0.04009503066412584,0.0195114942023836,1099.327,770.931,15612.163999999999,82.462,105.76,3469.863,341.955
2.4890103836051085,-0.028116288036149892,-0.7573403445031784,-0.06896829886682401,-0.05554446956991986,1058.453,722.931,15811.282,85.897,62.398999999999994,3447.805,332.991
2.468857357177133,0.5749300410927295,0.5513097238661759,0.08652448924507579,0.01448600997691689,1059.0339999999999,721.96,15301.212,83.652,231.19099999999997,3428.281,327.416
2.226104230277304,-0.3521531678379577,-0.5616112700638135,-0.06014028020372506,0.08484385191434235,1059.0339999999999,721.96,15204.458,80.244,72.163,3476.824,306.387
2.395518437553353,0.4228502789817082,1.3955741977717209,0.025566321748938806,0.0008923108312098813,1061.787,705.791,14972.968,81.658,321.60400000000004,3459.758,328.36800000000005
1.9331435189248682,0.000872778704065981,-0.7307868466023286,0.21033089221874607,-0.09199023546396887,981.921,664.703,14386.249,80.752,61.278,3442.684,305.427
1.9118125743913534,0.14213229699735858,-0.619718985718999,0.03954420686403781,-0.09504339822306603,985.5160000000001,643.786,14894.856000000002,76.365,79.52199999999999,3438.801,302.83299999999997
1.588314948916477,0.13534955740548388,0.6565947235723676,-0.19267717230970677,0.3934491651641207,985.5160000000001,643.786,14645.485,71.493,224.165,3473.492,218.488
1.916676360882657,-0.1458957506877093,-0.6199743288753267,-0.2248325264415944,-0.08745719671379268,972.8489999999999,635.562,15399.421,78.075,70.559,3466.258,294.4
1.5500826737064597,-0.21178281209199762,-0.6577313054002165,0.262573498159079,-0.04695700615538465,959.645,618.835,13618.958999999999,75.39,59.68,3460.6020000000003,279.558
1.6050469671387289,-0.16877201546431372,-0.7825873754343411,-0.011812715638609854,-0.04075729096743939,959.645,618.835,14520.131000000001,71.719,48.641000000000005,3460.8590000000004,277.89799999999997
1.6538437628961238,0.824874117832535,1.556541407672446,0.24739850159589438,-0.06932660920651279,925.8580000000001,594.8580000000001,13636.546,77.34899999999999,347.20099999999996,3432.574,280.76599999999996
1.7778576519273201,-0.3985239723575897,-0.7189909789860294,-0.030153967519763538,-0.03015733368775451,981.177,650.806,14593.076000000001,75.846,49.12,3478.7009999999996,288.408
1.7590795216595674,0.31851619986910745,1.1560646375060923,0.17146712849908718,-0.12675104334536674,955.697,606.139,13784.524,78.892,285.281,3462.426,297.974
1.7173436869705312,-0.17508426947663133,-0.6015575590697237,-0.015394081569444221,-0.1632725965730627,955.697,606.139,14568.673,76.502,69.279,3465.035,296.529
1.5485516494571883,-0.4301392237885269,-0.6512550993990945,0.020934062419490473,0.31883260340205216,986.9989999999999,651.401,14100.02,76.842,54.72,3481.8909999999996,227.671
1.7544863693433228,0.07181131894073851,1.1250810460822893,0.1772511352124503,-0.053592798611862724,981.325,633.2669999999999,13642.309,75.67,273.60200000000003,3479.6209999999996,296.623
1.6814544221311503,0.11998160256110914,-0.719429805650856,0.1200147099261786,-0.01605261367365376,969.804,624.734,14418.223,73.962,65.76100000000001,3437.414,279.535
1.5985056018851374,0.297054097736069,1.1831449782909516,-0.03558976214387158,-0.06311074703645554,924.155,594.874,14129.747,74.555,287.517,3470.238,274.931
1.544425903206867,-0.2778913406881225,-0.6036058172740005,0.17705500801530508,-0.005322149567516907,959.836,629.432,13789.205,73.654,64.0,3468.625,274.257
1.4177044526215905,0.07768526249182817,-0.684439300135662,0.1765455045978289,-0.07145597552279953,915.748,593.165,13888.684,72.695,65.92,3441.508,267.277
1.618471655003363,0.3279044401241918,1.5220656542918933,-0.07520718262277604,-0.10281135266637069,915.748,593.165,14155.946000000002,74.613,327.20599999999996,3476.2929999999997,280.472
1.659893470494633,-0.12082402040725848,-0.6236663971293835,-0.1016190368454426,-0.09263631988408313,943.13,618.231,14790.794,73.17399999999999,68.801,3462.7729999999997,283.241
1.4979645859803443,0.04073596094096699,-0.5566694880600366,0.3987280325484145,0.27447362950647197,979.817,647.946,13304.988000000001,76.774,79.678,3440.695,235.988
1.7618616081392644,0.015221933947786193,0.8598196041967937,0.15610997162958254,0.011389778673907437,979.817,647.946,13760.764,76.672,241.75599999999997,3478.3590000000004,286.91200000000003
1.9445536721197343,-0.29283886326652814,-0.6485917774812412,-0.2730702729399152,-0.07289376269481092,982.325,646.179,15483.743999999999,77.581,62.721000000000004,3477.41,295.911
1.8893786074960672,0.021777019834048887,0.37293958387154635,-0.07446139056393895,-0.04383138782622815,987.5189999999999,642.2330000000001,14726.877,76.03,188.483,3472.086,295.96299999999997
1.824837616128906,-0.16161490697745814,-0.747308176534169,0.21934370536142908,-0.03498181665363016,1003.1560000000001,653.212,14149.447,77.117,53.43899999999999,3454.465,297.291
1.8433488373752691,0.1161165656062495,1.4029022251689034,0.2377913651105081,0.03217373059287055,1003.1560000000001,653.212,13506.681,78.183,307.202,3480.3790000000004,293.028
1.695811975448144,-0.2243583824551856,-0.5920074705243434,0.22492602624834843,0.05954794675939218,983.047,668.5269999999999,13883.715,74.997,68.16,3462.8909999999996,278.442
1.776382034192572,0.1349528468873846,-0.8517164590557614,0.41110106774045785,-0.027347140836882323,985.654,650.526,13794.72,78.786,50.56,3426.09,292.03700000000003
1.831283435931813,0.023819660923726813,0.5029372327709963,0.002563335699091372,0.14910333706190973,993.2610000000001,662.987,14386.893,77.655,202.965,3472.941,268.27299999999997
1.8464044973177904,-0.13330406276142992,-0.0395593863726863,-0.19235331453880306,0.17165093916994856,993.2610000000001,662.987,15026.704,76.752,136.96,3477.135,261.598
1.761370539300508,-0.2292269760627365,-0.4841847260887201,0.30773317479006435,-0.07470927804387806,983.6439999999999,635.565,13656.963,81.301,79.84,3463.574,295.659
1.7127715439542213,-0.16829787056521447,-0.7354650701332093,0.32377739718817533,-0.12032278030425268,979.52,641.501,13728.365,75.637,53.12,3453.508,303.468
1.8927260423781316,0.49936177159377015,1.139884953262284,0.026950387575207357,0.03227216515011104,979.52,641.501,14480.396999999999,77.22,291.677,3451.152,284.861
1.8424302126357601,-0.6220027855139375,-0.586372327790776,0.01717235254392556,-0.11658780414208084,981.212,646.888,14318.161,81.055,56.318999999999996,3496.801,302.469
1.6415146967757785,-0.5427948712034197,-0.7082065998187549,0.18539662664153012,-0.01627466330373472,988.3510000000001,644.683,13752.236,75.06,43.681000000000004,3485.133,285.902
1.6917990079172034,-0.4463063083914033,-0.6349473498147937,0.21727426999668464,-0.10962860730616678,975.998,641.019,13757.368999999999,76.624,55.199,3478.809,299.238
1.7911605987533783,0.4808717668267807,0.6367979670844663,-0.3077416250363358,0.34853498501701424,977.053,647.856,15416.426000000001,75.439,235.363,3449.3979999999997,226.99200000000002
1.72593135227414,-0.64781781901303,-0.7066004752863926,0.09388598573880627,-0.016287227672402586,992.836,653.246,14021.177,77.074,41.12,3494.6409999999996,288.557
1.492244479556389,-0.6273628397039163,-0.5487264621050434,0.12707030153415236,-0.09333586088125102,947.1489999999999,620.884,13603.303,74.014,57.76,3497.199,282.875
1.8701544289480114,0.33380154831940323,1.7606247465227418,-0.2686752785510128,-0.07967351793891052,947.1489999999999,620.884,14908.577,75.711,357.124,3484.258,291.904
1.8711545625846104,-0.20862939284957374,-0.6905118857041596,-0.00282532758002315,-0.030526545617354878,999.686,653.7090000000001,14756.546,75.88,59.52,3464.1679999999997,295.313
1.5639025234073773,-0.5382215471985838,-0.5287178454628993,0.2765230563501167,-0.1089244980347466,955.825,632.851,13333.362,76.55199999999999,62.879,3487.203,291.589
1.7524058970832126,0.34217900788415234,0.9913526508815185,0.12080192992003522,-0.039925224932676175,955.825,632.851,14011.601,75.735,267.844,3458.152,288.103
1.8087573110348807,-0.0027584681934801616,-0.8120343222170812,-0.13430564179423518,-0.11694160618407354,951.4069999999999,621.55,15190.046,76.82300000000001,52.479,3450.012,290.82
1.9618155706325504,-0.18789811996071593,0.27417523241962843,-0.3322764920104495,-0.10747972450117897,970.7180000000001,625.497,15369.563999999998,80.274,171.203,3491.258,297.438
1.8975734837031244,-0.18859292523163249,-0.06600958213131938,-0.21378825522759068,0.3124620131302779,1017.6189999999999,673.002,15099.961000000001,79.829,132.8,3480.6090000000004,245.05200000000002
1.931333154820273,-0.3178955469995057,-0.6818327299549592,0.18757621529940388,-0.031203329251942327,1017.6189999999999,673.002,14234.6,79.017,56.32,3467.598,304.561
1.9928543028835826,0.302644396345646,0.5832375365246514,0.23763577941031544,-0.06743989433767643,1000.921,653.831,14104.688999999998,80.866,221.28099999999998,3448.1409999999996,309.135
1.9705256732233214,-0.46514131479185167,-0.6183041527735087,-0.05693051637908892,-0.0448626644078784,1001.6519999999999,664.885,14796.308,81.142,59.519,3485.4770000000003,300.027
1.8232848353995155,-0.45142609372945697,-0.6856829539350017,0.2595759514248301,-0.14335646633053664,994.686,654.981,13819.903,78.558,49.919,3476.438,313.569
1.9286194600762823,0.37563219922934793,0.6581687002844685,0.2696255047003715,-0.031843030197108026,994.686,654.981,13968.764,79.139,231.84599999999998,3443.9179999999997,301.881
1.9950075687881792,-0.32917072203652276,-0.2906075975615877,-0.06879689768757288,-0.2082312583319357,975.827,648.161,14825.455,81.389,101.117,3483.105,320.066
2.1113935694432073,0.31292547964640655,1.1351107230158766,0.13403907342521212,-0.04333389466639543,1013.291,676.622,14344.761,80.304,285.607,3461.223,315.01
1.7741141630836024,-0.6194797037003208,-0.7416442966754098,-0.055184094781727595,0.24930678534887837,1019.541,670.0169999999999,14491.538999999999,79.306,39.68,3494.574,252.101
2.104030862862175,-0.38556791981139776,-0.6760134267550401,-0.10640058483396972,-0.12098183030900649,1019.541,670.0169999999999,15187.991000000002,79.779,56.8,3478.914,319.9
1.9931650668716856,-0.17437488652719998,0.047191164015054486,0.006837802740773021,-0.14360570166127357,983.1260000000001,653.091,14597.232,81.634,144.639,3477.188,313.495
2.166690964618033,-0.6683982850583624,-0.5914837026006976,0.13783812780040652,-0.1611372943077214,1035.996,690.97,14370.067,85.03200000000001,55.84,3495.594,335.65
2.5678003322130114,0.6789630216833145,2.407522043490059,-0.11894528232965007,-0.13285478661819494,1035.996,690.97,15331.928999999998,87.14,446.397,3465.855,346.25300000000004
2.3939101274869374,-0.7135689585420807,-0.49668781058117323,0.051542221277560335,-0.09391859410704835,1075.858,728.757,14824.704,86.435,67.199,3501.688,343.249
2.191602024888988,-0.6227888532260991,-0.5370581930233479,0.25912538427147785,-0.1094171239071821,1057.6860000000001,709.072,14101.231000000002,83.986,63.519,3490.297,336.967
2.3492911922717727,-0.49315190218413313,-0.6858393965596761,-0.0859478102166125,-0.18852083586716661,1043.016,694.613,15348.268,85.374,53.282,3484.9959999999996,343.77099999999996
2.2497042396080618,0.2195406024526182,1.0066477674569794,0.02264914149059051,0.27822221875572695,1053.149,703.997,14740.608,88.68299999999999,269.765,3466.656,273.937
2.9500884346862857,-0.758791902016791,-0.6368388293112627,0.2805873593763393,-0.05190402547081729,1173.518,827.072,14923.828000000001,93.54299999999999,52.8,3493.4959999999996,385.03
3.124561087087906,0.5667001079109364,3.028155862021243,-0.0983110030889647,0.02345622683172629,1142.114,796.122,15676.165,92.24700000000001,517.252,3483.93,373.00800000000004
2.74492111356164,-0.8200722921224479,-0.7146890431815736,0.07826296807294535,0.07201400503250827,1142.114,796.122,15177.771,93.087,41.441,3501.9840000000004,346.296
2.8723840555213282,-0.409441057079869,-0.6338663776063941,0.2279764406285076,-0.20422945744090998,1118.188,795.0830000000001,15195.591999999999,92.072,64.32,3469.816,391.57
3.11236556496089,0.1348356838188664,1.9942296143262501,0.01533074739860718,0.07072755672978241,1160.795,822.6139999999999,15448.752,93.757,384.589,3490.426,370.656
2.891251425681374,-0.4781604262607276,-0.614882896483041,0.2623590864551164,0.029514280985491876,1160.795,822.6139999999999,15077.658000000001,92.211,64.809,3473.91,367.398
2.833176403675503,-0.6959234159427025,-0.586496232335171,0.19532630529400963,-0.060980966113635966,1145.444,807.173,15031.192,91.635,60.159,3492.633,374.7
2.793720562762721,0.15094017086928763,0.6191821211414531,-0.06121342007897499,0.5068660821505422,1148.437,815.683,15744.594,93.475,228.15400000000002,3461.906,283.466
2.3566758852385723,-0.4160424936357606,0.13802271680316974,0.7327534591128535,0.024114240149960078,1094.096,776.56,12906.443000000001,90.1,146.619,3477.563,342.36699999999996
2.8021119366516882,-0.5345154498158194,-0.4621846791074351,0.3609756386890366,-0.409958821792765,1094.096,776.56,14610.06,91.741,77.922,3480.3979999999997,417.545
2.9967275662347306,-0.2773301113910927,1.392020758276986,0.08188498299461636,-0.060563266083280616,1145.31,810.813,15080.181,93.068,300.644,3506.8979999999997,383.345
2.976652768485169,-0.6923252047234381,-0.6418431664261006,0.27548488086399947,0.01761079344869037,1176.144,846.202,15020.596000000001,93.181,54.88,3488.355,378.034
2.9609750258927394,-0.6261433471991146,0.37592730969334953,0.15275388587453406,0.0230236998798421,1164.016,836.612,14997.552,92.616,173.042,3508.719,374.69699999999995
2.8434468155161805,-0.5102777667078446,-0.6015097953897232,0.6042620288878096,-0.028587725324809306,1164.016,836.612,14083.167,92.579,63.36,3468.844,382.156
3.0417322291701665,-0.13721059290446966,0.6766881810032359,0.08656309645595593,-0.09005696492731757,1141.563,810.118,15476.77,93.51700000000001,224.47299999999998,3480.652,386.13300000000004
2.723352324658511,-0.8581015301438604,-0.6937314215087339,-0.2783076803150264,0.40801641741844596,1152.799,818.2510000000001,16069.933,91.697,44.64,3513.18,293.55
3.079853297076565,-0.7912778931507751,-0.52463934860442,0.16602199541743845,-0.1045495166742712,1172.732,845.393,15334.436000000002,93.84200000000001,65.6,3500.48,398.561
2.962634925704807,-0.5051178480563779,1.364520010578862,-0.022780393901646403,0.09673431730325306,1157.871,820.177,15166.082,94.083,290.23,3525.445,359.394
2.909497774350773,-1.0051175801292427,-0.5485090728371343,0.14082695436990128,-0.03666029098442867,1159.151,828.565,15045.069,93.863,54.562,3517.094,377.555
2.900469157535714,-0.7832098738532468,-0.6131442662897818,0.09989324086730411,0.03148907774089224,1159.151,828.565,15321.803,92.181,55.2,3500.215,366.211
3.274355493377862,-0.388348980862369,1.59340660452225,-0.1795384838801542,-0.18205537602085697,1162.933,830.28,15989.926000000001,93.554,322.402,3524.402,414.223
2.9372442403597074,-1.1648080206234934,-0.36049222027979216,-0.006024024879358829,0.07823669818383752,1174.721,843.66,15301.192,93.45,71.518,3536.07,364.246
3.4343349898071303,0.2672112935526578,2.7639123979905174,-0.36719560962197345,0.022236315865761525,1174.721,843.66,16685.256999999998,94.28200000000001,480.165,3504.938,390.62300000000005
2.7775387646559015,-0.6700098070942988,-0.5783320193734983,0.21184878559764245,0.5457854616896167,1196.884,873.6569999999999,14920.861,92.52,63.04,3489.695,295.56
2.886490410083041,-1.1128855324711207,-0.5286055129291656,-0.04636571813883871,0.08914106753183645,1166.401,832.8860000000001,15443.216999999999,92.48700000000001,54.07899999999999,3529.77,357.22900000000004
2.7509085293859954,-0.8382310241243912,-0.6159457538574251,0.22664199376832977,-0.03997770909287121,1135.4160000000002,806.5269999999999,14755.127,92.021,51.2,3502.1479999999997,367.255
2.9407865974761647,-0.8799577023913777,0.5949248599387191,-0.10470178387526395,-0.11932447621775472,1135.4160000000002,806.5269999999999,15402.528999999999,93.037,189.604,3538.684,384.506
2.7870663862030116,-1.1705529224778528,-0.2567026333114278,0.23195505634250238,0.02728838349224057,1162.337,826.3689999999999,14432.518,93.31700000000001,80.96,3534.0229999999997,366.48800000000006
3.226454113184344,-0.6901817684112046,1.367043734963812,-0.2477624980456631,-0.05979527511180538,1170.771,848.4060000000001,15996.44,93.387,286.55400000000003,3543.3320000000003,396.316
3.100986952520853,-1.2080702228603066,-0.4600389794157897,-0.21986291999999025,-0.09085981131346027,1168.101,844.442,16097.066,92.83,60.32,3541.5820000000003,392.195
2.7875794620926593,-1.4228214621465545,-0.4234338977821915,0.14519117967521492,0.08964811709092306,1176.407,836.618,14564.966,92.815,53.92,3550.875,359.601
2.7107264957675485,0.12781972363445376,2.5396656196929976,0.12017305626166627,0.31169392485237213,1126.269,798.607,14445.16,92.337,443.527,3502.1090000000004,314.046
3.317441619254592,-1.139464512046465,-0.6334313834177268,-0.713522725332887,-0.5152768346217225,1126.269,798.607,17809.788,91.06,45.44,3544.051,445.569
2.940318745942887,-0.9752055541958905,-0.40716731439940274,0.012600032554733302,-0.016791421969874907,1163.073,826.71,15401.436000000002,92.704,72.48,3520.797,375.031
3.074870999323105,-0.2970289571030977,2.4024613000113813,-0.4063825828368272,-0.09941604550840105,1131.616,789.8430000000001,16106.84,90.929,417.108,3541.637,383.98900000000003
2.7395419058931507,-0.9270353966191119,-0.5364432159253306,0.18386176008210528,-0.09182056698229246,1124.757,799.9010000000001,14763.368999999999,92.398,57.077,3511.6090000000004,371.842
2.6245469484928474,-1.319632116259309,-0.49657500106785757,-0.10083263853759944,-0.010797384073461388,1124.757,799.9010000000001,15138.911,86.98899999999999,48.839,3548.5429999999997,354.86199999999997
2.6219380745383694,-0.8801624460226648,-0.09569309303755079,-0.1742543059691059,-0.118058864602705,1101.142,751.4580000000001,15459.546,87.633,109.44,3526.8909999999996,359.86
2.5242804300387545,-0.8252856304605327,1.3503786817611296,-0.06007725766473849,-0.04252170744510445,1090.197,756.128,14528.452,88.22399999999999,274.397,3552.176,349.038
2.144591956208334,-0.9473861057740381,0.31213802355717346,-0.20476052259715927,-0.06575705205497678,1030.1580000000001,692.44,14742.82,83.925,150.238,3543.953,318.072
1.883549892228749,-0.8877604748032563,-0.4901681038960245,-0.4497946870114043,0.3370838290912359,1030.1580000000001,692.44,15426.483,77.755,61.602,3528.4179999999997,243.329
1.8208484677261014,-0.9554100690091292,-0.4485951588336018,-0.06383746564572142,-0.11237833702713287,994.2860000000001,652.212,14253.863000000001,79.10600000000001,60.798,3526.355,305.0
1.6341987138221867,0.12568798543714763,3.722209205977766,-0.3757427171347583,0.011210237622880625,918.592,601.063,14036.497,74.14399999999999,571.5369999999999,3546.113,267.653
1.1550352863664917,-1.1709034580161957,-0.44401392631645903,-0.2182250495256753,-0.10776528186602585,895.2739999999999,567.727,13708.176000000001,70.262,49.92,3549.512,255.926
1.3088357213216293,-0.5354488412641865,0.8487806010751411,-0.2716121558854259,-0.0599952012853538,895.2739999999999,567.727,13973.278999999999,72.153,219.84,3531.3590000000004,254.5
0.8136966707522089,-1.0020392838079661,-0.24310779556763598,-0.15417999138691524,0.0447070616013209,871.415,544.633,13177.112,63.393,76.476,3541.441,217.977
0.7700918243311745,-0.9277538555602298,0.33815963167096047,-0.2620507435695072,0.03142300696797041,856.135,533.023,13254.577,61.437,145.127,3551.4840000000004,215.396
0.8211366576912875,-0.91630227609761,-0.17895550190009202,-0.6282583416448163,0.13562933893954496,840.706,509.615,14443.075,66.633,88.63799999999999,3547.6020000000003,185.483
0.9728316121863825,-0.5251098063468099,0.15054903433203332,-0.5178141616767151,-0.0013013175681124377,843.6460000000001,518.8340000000001,14492.906,65.625,139.841,3522.816,216.06900000000002
0.5199759660977993,-1.0533002810871854,-0.33627972111293225,-0.09908814176892747,-0.05245839387536282,821.5060000000001,497.83099999999996,12665.216999999999,60.583,61.598,3543.625,210.324
0.5136340708239677,-0.930626060526943,0.19762642430411997,-0.23513745320800988,0.06339668623365496,821.5060000000001,497.83099999999996,12902.671999999999,60.153,127.205,3549.305,191.6
0.5792813413137626,-1.0343068588686462,-0.14717873146256585,-0.41542272326303836,-0.03851616658860618,814.461,488.48400000000004,13528.505,59.772,85.439,3553.5040000000004,204.046
0.6391141387033881,-0.4750064228529674,1.59561613029774,-0.2570907410739124,-0.01887195744420151,804.39,478.037,12870.863000000001,64.653,302.08299999999997,3546.375,203.72299999999998
0.25505237694336375,-0.7102050788125639,-0.5625531984491571,-0.06657977296515127,-0.00539688603193143,776.421,472.189,12576.785,55.091,45.92,3513.961,184.597
0.3826266148019945,-0.9623128736153387,-0.48567216305920763,-0.3888538335266553,6.865444254534217e-05,776.421,472.189,13377.026000000002,58.636,48.0,3541.1859999999997,182.34099999999998
0.02701885241557077,-0.964601979149451,0.6102579530336065,-0.24439972401721466,0.2523980323396524,767.926,449.70300000000003,12136.024,56.599,169.925,3563.305,132.79
-0.004845045753234376,-1.071288492070763,-0.4004817952114666,-0.14368095925844052,-0.05636986766290849,744.385,427.099,12153.386,53.721000000000004,50.24,3547.395,172.972
0.12914976298206582,-0.7477588208202638,0.7721304201897993,-0.37036640233749585,-0.041113761381905485,730.804,420.72,12685.286,56.497,196.16099999999997,3553.8790000000004,170.062
0.17064944595939033,-1.0431685689121635,-0.40295790904509243,-0.4521039848110746,-0.026655833036522095,753.918,434.598,13211.17,54.773999999999994,53.44,3551.586,171.87099999999998
-0.07174218327681355,-0.7129206102002397,-0.5527010957196818,0.011374843541871077,-0.07198977499353175,729.0830000000001,413.63199999999995,11947.191,53.09,44.158,3514.395,170.048
0.08096339035484414,-0.3456978021729952,0.7772131925535405,-0.22082085226579767,-0.06221047022942741,729.0830000000001,413.63199999999995,12516.418,52.538000000000004,209.77599999999998,3521.09,173.855
0.08503968584118016,-1.1751712569680324,-0.4495426238827009,-0.46991478892723015,-0.019374582881462127,753.5360000000001,425.385,13092.133,52.847,43.198,3561.125,167.39700000000002
0.07357619653203851,-0.7342166692639229,-0.49126323478993345,-0.3428198362347753,-0.029792801007756498,737.438,419.00699999999995,13040.196000000002,52.95,52.961000000000006,3524.8320000000003,165.727
-0.13766598600271676,-0.8277397228464144,0.25133605555796296,-0.4461630201700133,0.12563795642963152,716.443,400.16900000000004,12703.764,52.412,133.276,3551.258,129.299
0.0500644335943016,-0.3085349913623185,2.462527927387282,-0.36986132945670314,-0.021465680915316844,716.443,400.16900000000004,12269.161,53.152,402.736,3558.836,164.954
-0.08294834108884563,-1.1861063856119745,-0.3871403018381648,-0.5283129342391735,0.024029766049106373,729.5219999999999,415.00199999999995,13023.081,49.211999999999996,49.12,3565.486,150.572
-0.2345469360025918,-0.12450904786847754,2.0188231567903205,-0.24074753323577938,0.004805212406179347,692.535,370.74800000000005,11882.646999999999,46.92,356.481,3533.941,146.45
-0.24675800340630555,-1.0156641326496236,-0.39729683710446756,-0.43615950886537064,-0.0897497753172027,692.421,376.037,12685.603000000001,47.968999999999994,52.0,3551.6209999999996,152.72299999999998
-0.09906838219179909,-0.9815559048411756,-0.29609860051955617,-0.6843818811190902,-0.03944173473541977,699.158,382.35400000000004,13502.862,50.293,66.72,3556.34,147.334
-0.2722052042587151,-0.7823895760188385,0.44025868692587367,-0.36814290841810765,-0.08626959147017434,667.472,368.49199999999996,12289.937,51.055,154.40200000000002,3551.34,147.39700000000002
-0.2065609892508096,-0.5286693735935385,-0.6109772508111576,-0.36608006535232035,-0.0180849744772282,688.13,382.18300000000005,12943.992,48.284,44.638999999999996,3509.098,142.157
-0.2554065324612017,-0.6993856342349815,-0.5065026625876141,-0.6835172859597773,0.1476113332734449,688.13,382.18300000000005,13581.556999999999,46.716,51.998999999999995,3531.414,111.476
-0.28587733168806323,-0.695490545283956,0.27545045228250387,-0.5839577433463292,-0.00862307425722604,673.051,360.73800000000006,12988.161,47.373000000000005,139.84,3546.324,132.821
-0.4461724527008672,-0.981993888383543,-0.28656194088707126,-0.3985623150879875,-0.053392102370760954,659.5930000000001,352.996,12304.486,47.701,64.16,3551.699,132.425
-0.4385895737066533,-0.5784911611570305,-0.5450472152034654,-0.45060754391886354,0.007604207478251369,659.5930000000001,352.996,12837.351,44.018,49.28,3517.375,122.66799999999999
-0.31387510425237386,-0.8887587284378753,0.09304827792064167,-0.7751557558689847,-0.05536741922582705,661.164,346.70099999999996,13407.514,46.196999999999996,112.959,3561.324,132.921
-0.36354190976958606,-0.5005851663791335,-0.03060533674984464,-0.7206810952378063,-0.020530880269968473,645.076,347.288,13515.663999999999,43.511,111.84100000000001,3528.945,124.054
-0.5499944889142377,-0.0934596159403549,1.576699300107892,-0.6199883347341291,-0.011497367018875573,611.008,312.685,12686.806,42.018,306.55400000000003,3532.7070000000003,111.97200000000001
-0.7034522411570102,-1.010367366399602,-0.40489412734637514,-0.8545516131695657,-0.03196533351028461,611.008,312.685,13272.141000000001,37.87,50.081,3563.27,104.64399999999999
-0.6193251791145625,-0.7935472005153438,-0.4326240785982946,-1.0272339949937934,0.04793737429851573,605.715,302.80400000000003,13955.969,41.95,55.68,3550.2340000000004,87.64200000000001
-0.43770546851060216,-0.7362014817999695,0.13536612162630693,-1.1337864437239211,0.05185650962765113,634.763,330.41,14324.437,39.888000000000005,124.001,3559.934,103.038
-0.673756284396967,-0.5854195131869812,0.8276938279566364,-0.5025319720432233,0.052313356208173144,628.981,321.032,12172.758999999998,41.673,203.516,3550.297,102.693
-0.5492309042553795,-0.6536654647410257,-0.2931126608773047,-0.9338112505937133,0.0431135343965383,628.981,321.032,13865.183,39.098,76.641,3540.355,100.204
-0.5282835823556008,-0.5300007219687172,-0.5270042285974034,-1.0453804831397053,-0.005353750537238382,606.3530000000001,313.439,14351.111,39.342,54.72,3528.785,100.834
-0.6113651823942627,-0.35633440187522336,2.05588346707064,-0.8654240941286134,0.10941922275237087,627.752,308.355,12935.37,38.653,352.96,3568.395,93.48700000000001
-0.7432860925704147,-0.6028156891326452,-0.49545581181177867,-0.76749570031991,0.02610448704056177,612.918,299.09,13295.546999999999,36.611999999999995,53.43899999999999,3529.2929999999997,93.522
-0.7279523806892257,-0.7551334533069535,-0.47472051210531274,-1.0784784932438238,0.031205335302658652,591.677,302.079,14040.78,35.453,51.841,3548.262,86.412
-0.8968286307232068,-0.33195514680646987,0.037000231568804824,-0.9294803245395298,0.11214268823514105,575.535,266.485,13504.936000000002,35.782,122.881,3525.508,63.118
-0.7931289513397642,-0.15010150169829842,1.9572227313968413,-1.2657648459182358,0.028786413362124386,568.879,255.892,13978.737,31.448,349.116,3561.617,79.83800000000001
-0.7977604554828768,-0.40548107737723854,-0.4772902530056974,-1.2939669651678043,-0.0038307167776119194,568.879,255.892,14770.381000000001,32.085,64.0,3527.953,77.258
-0.8932999591379368,-0.8490382921325643,-0.4372288659498052,-1.1603035430393014,-0.018105589324848684,572.214,262.10400000000004,13981.548999999999,33.105,52.001000000000005,3558.875,80.112
-0.9632330703148735,0.04597318213267478,0.8327666530901822,-0.9945077901855413,0.023116297279770957,547.498,242.429,13580.826000000001,30.811999999999998,225.91299999999998,3517.1020000000003,69.899
-1.0304247699484426,-0.7950357929000439,-0.5577920296297013,-1.0768795452393656,-0.03876187631696037,559.389,237.799,13669.018999999998,31.749000000000002,38.881,3551.039,74.64
-0.929630237042658,-0.4180578417950581,-0.42602013645371944,-1.2719671511415702,0.006238445481520097,559.389,237.799,14526.733,30.044,68.477,3530.1409999999996,68.688
-0.9716823625239626,-0.1327338314231837,-0.23537371496374118,-1.1782725575765327,0.00021042771949853026,542.571,233.563,14342.116000000002,29.496,99.20299999999999,3511.3320000000003,66.32600000000001
-0.9595687905354002,0.07681210357217763,1.8903743346872182,-1.1513348122582572,0.07196228308989132,537.774,235.43,13621.695,31.995,347.684,3541.5820000000003,59.997
-1.2234954711950565,-0.5454172998484907,-0.5109628426479099,-0.7940969303558775,-0.0034604616821033406,537.774,235.43,12830.465,29.252,50.4,3527.9570000000003,63.486999999999995
-1.0218118361484283,-0.7129330054809332,-0.3418681555903096,-1.3374454247301004,0.008166065348856163,549.271,240.47400000000002,14371.916000000001,28.136999999999997,67.521,3555.7340000000004,64.748
-1.1293719549600272,-0.522553009493703,-0.12491134771302119,-1.3067839033918143,-0.053635250543896264,503.73800000000006,217.738,14180.752,29.395,97.439,3546.4840000000004,59.847
-1.1114563733949325,-0.537364471192119,0.7373084473548064,-1.1463837103606536,-0.014000594678340538,525.889,226.09799999999998,13442.206,30.971999999999998,194.392,3562.449,63.371
-1.2315169573370988,-0.7192477325332152,-0.4725521670948603,-1.0601297443294113,-0.026218085330900514,525.889,226.09799999999998,13410.972,27.413,49.762,3547.973,61.023
-1.080996560236793,-0.600711659390381,-0.3693683736781105,-1.4592554436858916,0.013522022355019345,528.169,223.282,14705.827,27.081,68.321,3550.066,54.394
-1.282685191313662,-0.23004932230283529,-0.40317857557248793,-0.8307339211306868,0.006854819926600153,519.8340000000001,217.852,13028.171999999999,27.309,73.27600000000001,3508.2459999999996,54.53
-1.281422578751519,-0.5022617015036501,0.5878697610068472,-1.0416617132163535,0.15123789293061787,543.229,236.38,13070.28,24.564,177.769,3554.637,40.45
-1.2264413171620567,-0.5911001213030279,-0.5541777220056667,-1.5235806005672365,-0.10378436596555113,470.006,193.78099999999998,14755.48,27.176,46.4,3547.8979999999997,52.169
-1.3881304550840539,-0.6360289489748209,-0.2792292987762327,-1.0940057893092683,0.009176248808778504,505.85,204.947,13296.989,24.72,73.749,3547.6290000000004,45.162
-1.3077909957922194,0.15497498492298636,1.236386540968689,-1.2061464098418189,0.0011934378212450402,480.48800000000006,192.162,13666.858999999999,23.12,273.95,3524.77,45.119
-1.3724260564691535,-0.6955353903771897,-0.4372988196672297,-1.3633555462374283,-0.04926625563181426,480.48800000000006,192.162,14052.468,24.234,54.723,3554.98,44.702
-1.3305795559517077,-0.3501297500314195,0.6399796597707946,-1.3679186750967667,-0.08038057236791989,463.24199999999996,178.69099999999997,13929.052,26.465,188.959,3553.078,47.493
-1.3770868219882197,-0.5840272863583891,-0.5182235090099436,-1.1081585378404928,-0.04108155234069213,493.314,194.544,13457.0,26.315,48.318999999999996,3538.969,47.971000000000004
-1.664475963464926,-0.7440814223609536,-0.4071754552293969,-1.0071224047732963,-0.11439750146404512,446.309,173.646,12697.016000000001,22.362,52.801,3552.473,42.858000000000004
-2.5083412627583574,-0.5570805690260904,-0.10394515105723959,0.38890554480307626,0.12776137952797434,446.309,173.646,7982.286999999999,12.360999999999999,83.198,3516.23,2.244
-2.6171621572032158,-0.599359949009354,-0.346894167896596,0.19314077327135554,0.011196485636471293,417.07599999999996,120.167,8424.284,11.308,53.92,3519.445,1.6059999999999999
-2.611526729759617,-0.12382993766178998,2.0831670469804386,0.335332003408948,0.05601143666623209,410.707,121.867,7466.353,11.93,345.602,3534.098,1.965
-2.782754263063133,-0.6889827816089812,-0.3180663703789711,0.5382982489640732,0.001549957368495254,410.707,121.867,7225.576,11.216,51.519,3519.414,1.931
-2.692377939216045,-0.6501604504927653,-0.40251782251054974,0.3638244834663037,0.012175084795592829,416.296,121.345,7859.851,11.502,44.64,3518.3320000000003,1.2329999999999999
-2.816175895365042,-0.7269804966168119,-0.2887736973166213,0.4453825115486508,-0.04500715569553529,385.353,113.838,7389.531,11.422,53.44,3525.3520000000003,1.301
-2.7514894811707484,-0.2762655586560614,2.0845943660631003,0.46322229672892257,0.019204579586063142,391.681,116.07600000000001,6848.414000000001,11.392999999999999,338.879,3543.16,1.33
-2.7470053441499753,-0.623399891143672,-0.31066973844361573,0.4417618005542047,-0.005579472204581281,405.265,117.96700000000001,7564.728,11.547,55.2,3516.863,1.1079999999999999
-2.6582939741555873,-0.7265537732046875,-0.38721722383980967,0.21376820258687462,-0.0073729533839032736,408.398,118.859,8242.427,11.982999999999999,44.48,3527.715,1.5219999999999998
-2.8157924200070084,-1.0007591600950179,-0.15981596685617477,0.456674926736092,0.0011847314832545916,415.69300000000004,119.087,7140.054,10.960999999999999,58.88,3547.93,1.4369999999999998
-2.82532187232983,-0.9331149288804977,0.8056748200341827,0.5015749930057111,0.021309374040564627,415.69300000000004,119.087,6693.102,11.582,170.56,3563.0159999999996,1.061
-2.7026327659844593,-0.9277093157366464,-0.2311055566349618,0.21316839497130552,-0.003121889031577768,415.79699999999997,114.682,8001.522,11.552999999999999,55.038999999999994,3546.164,1.1840000000000002
-2.7129007286052644,-0.5573642546841439,1.1854121393294164,0.3769187305233322,0.02811168197929432,408.208,120.75299999999999,7272.62,11.821,227.84099999999998,3546.0040000000004,1.163
-2.8406125199925514,-0.9148932208500242,-0.2437134580672035,0.5225783098061497,-0.004441283492545478,409.278,119.34200000000001,7020.988,10.757,51.841,3538.363,1.0190000000000001
-2.655701109707462,-0.5013426194783603,-0.43558399100207285,0.31414372034148974,0.0028625153490190744,409.278,119.34200000000001,8145.606,11.773,46.4,3507.66,1.176
-2.615626198867315,-0.7336761156559052,0.6671241926683363,0.1442744614297175,0.03725952228912947,422.305,122.262,8091.325,11.953,164.64,3552.6090000000004,1.063
-2.8103781172449716,-0.7945553327121564,-0.26116722292903627,0.483090455010688,-0.020603271824187305,398.213,117.20299999999999,7241.460999999999,11.725,54.24,3529.949,0.987
-2.7739910456591503,-0.5517685312445204,0.7345466590520381,0.43378162991144464,0.0015662363606717858,398.213,117.20299999999999,7220.2919999999995,10.62,176.15599999999998,3534.762,1.097
-2.71912034262644,-0.8211206784858541,-0.3540079339302169,0.2106343477195566,-0.034520098044460906,396.61300000000006,111.235,8098.415,11.77,44.481,3535.863,0.991
-2.655684099498406,-0.42652250608702313,1.2866572118356543,0.20250922346324368,0.00397008179126537,392.764,116.031,7855.34,11.937000000000001,244.8,3542.473,1.004
-2.7201118692533566,-0.7051002359300851,-0.294305755328823,0.3912579886662616,0.0097192478465953,415.88,119.23,7674.853,11.57,54.72,3524.2459999999996,1.123
-2.7341503963699836,-0.5876258778957985,1.3537458855843947,0.4033802825019764,0.04025173836522714,415.88,119.23,7099.908,11.004000000000001,245.75599999999997,3551.355,1.0490000000000002
-2.7164828211349037,-0.7579164314365509,-0.29488153590568483,0.30732712556648534,-0.006539962114754191,407.096,118.74,7868.661999999999,11.422,53.12,3530.133,1.16
-2.9817694628657345,-0.9656530563925163,-0.13908511038273333,0.7954085242323546,-0.016825826666704426,402.555,116.244,6042.585,10.696,59.84,3538.711,0.983
-2.635610055125163,-0.1965178312590712,2.016260750190273,0.22142881830324757,0.022812669633457107,395.457,112.45299999999999,7715.041,11.64,335.667,3540.887,0.873
-2.764744798881226,-1.0866329729747486,-0.20395971909168795,0.2599881745800327,-0.013932755500918336,413.629,111.821,7683.746,11.453,52.001000000000005,3557.703,1.148
-2.812302199119854,-0.8893121056450805,-0.22169925876339058,0.630715247173371,-0.06034890157646513,418.014,116.74799999999999,6776.357,11.376,54.879,3534.34,13.155999999999999
-2.6988425741848667,-0.4916448241526492,2.185369461532002,0.39437149590320403,-0.02561363485775784,405.93300000000005,119.427,6928.965,10.818,343.528,3562.6290000000004,13.1
-2.656207223783317,-0.6894984029353785,-0.3046172210082992,0.2298399280618127,-0.028348760868836226,405.93300000000005,119.427,8200.446,11.491,55.038999999999994,3526.438,5.1739999999999995
-2.7822798183904363,-0.9254909951471311,-0.31209607135403533,0.4577022577651157,-0.022549091596816468,412.036,120.419,7282.375,11.440999999999999,44.321000000000005,3538.91,4.979
-2.725170457209597,-0.5383474506483998,0.8393048103657258,0.4157503126950593,0.021021850668140166,407.283,119.49600000000001,7293.249,11.797,188.957,3536.195,1.021
-2.9036011111839524,-1.1476485176964841,-0.18856935041088607,0.5636805026046909,-0.013550057909156735,407.283,119.49600000000001,6656.861999999999,10.954,49.441,3556.094,1.122
-2.6512945959528946,-0.7678788187871112,-0.21320816961581246,0.15381058819336693,-0.03533443415547648,405.909,114.287,8322.421,11.622,63.04,3535.992,5.012
-2.5522502846140482,-0.3104028501519927,1.7135087034249372,0.1094339300661777,0.05349421230381052,414.244,121.74,8158.233,11.749,298.559,3544.785,1.067
-2.8209577141034674,-0.7501959451002814,-0.25598381241178614,0.5203144532098527,-0.017985183928794928,398.733,117.959,7159.5380000000005,11.277999999999999,56.16,3525.961,1.102
-2.79251453078113,-0.9100531931475443,0.25880867257953877,0.35966033349802046,-0.014534435385213823,398.733,117.959,7327.97,11.458,109.92,3552.637,0.988
-2.761157990347043,-1.0384827240879952,0.0826713607557599,0.2699683979601401,-0.01679136559425188,402.559,119.88799999999999,7585.840999999999,11.747,86.08200000000001,3560.203,1.619
-2.8112269958019596,-0.3066728282984284,0.9925389284742242,0.6871346403073639,0.002921800965315621,404.79699999999997,112.77600000000001,6562.289000000001,10.982000000000001,212.636,3516.539,3.928
-2.7166956412245087,-0.7561472709533353,-0.36713463436710725,0.38249148226255336,0.015662772084970057,421.19599999999997,119.485,7697.008000000001,11.485,44.8,3526.5820000000003,1.074
-2.7482975501212077,-0.8520299444752012,-0.2618076413626274,0.40481195585187957,0.01057817878576378,419.787,118.234,7494.255999999999,11.649000000000001,53.119,3535.598,1.139
-2.8868630411269254,-0.6422948074492865,0.069835571673162,0.6748184245132559,-0.028977291255055125,388.12699999999995,113.51299999999999,6609.331999999999,11.86,95.681,3521.8709999999996,0.8370000000000001
-2.7711901449456082,-0.5361137751845961,0.8086748399354938,0.3719414550914964,-0.016479542545495225,388.12699999999995,113.51299999999999,7368.749,10.790999999999999,185.28,3536.7270000000003,0.97
-2.7306323764921467,-0.9409390122789932,-0.2278585179951595,0.23526379560921037,-0.018195179646818858,403.27,117.78299999999999,7895.9580000000005,11.607999999999999,54.56,3546.887,1.15
-2.607641479651145,-0.6336368272184552,0.7001734662092574,0.09849082199871909,0.01973861932421468,413.083,116.96,8275.921,11.859000000000002,172.0,3547.047,1.035
-2.8185342123733417,-0.6458462189239367,-0.28905750918435286,0.5153464907791208,-0.028747246938415186,393.844,113.28299999999999,7256.154,11.168,56.0,3517.68,1.0590000000000002
-2.8671504652862745,-0.9523733050997666,0.12304899359306792,0.48099838807999945,-0.03174628385105878,393.844,113.28299999999999,6931.6669999999995,11.373,91.99799999999999,3550.344,1.151
-2.6600486617048165,-0.23892147195639138,0.7181032530521206,0.3484864734992708,0.01699197106198802,404.76,114.164,7798.303000000001,11.374,186.24099999999999,3512.742,0.966
-2.7258132493990788,-0.6992766566802351,-0.3745976361827791,0.38013181626338255,4.593243183967241e-05,409.736,119.21,7730.039000000001,11.554,45.75899999999999,3522.383,0.9620000000000001
-2.884164735745627,-0.6470483352774665,0.6907612583627291,0.6550927608013692,-0.003378519948562832,398.152,115.444,6444.041,10.649000000000001,166.245,3536.176,1.143
-2.8150337652842015,-0.9858057619051239,-0.20239927804240507,0.3755559317480487,-0.02839932399343075,398.152,115.444,7377.185,11.366,54.721000000000004,3547.8979999999997,1.003
-2.8681894996523964,-0.8402423279274522,-0.18873910502895438,0.6022718831407688,-0.02356685064911318,399.028,114.26299999999999,6791.941,11.967,60.001000000000005,3532.387,1.153
-2.8833617756557066,-1.026905190447709,0.2797910824479161,0.5226641237896108,-0.010183248745917592,401.01199999999994,120.48100000000001,6699.755,10.753,107.041,3558.309,0.987
-2.766633441939536,-0.7300820967140179,-0.2691943849526888,0.4244072887367522,-0.009712729466934116,404.806,116.83,7501.166,11.458,56.16,3526.1479999999997,0.997
-2.756278564373383,-0.7369424776450062,-0.20973427095413072,0.38570096014155913,-0.014821511143100862,404.42199999999997,113.30799999999999,7588.541,11.732000000000001,62.88,3528.824,1.102
-2.8454686613532685,-0.8986872796542059,-0.16652956672738028,0.5394573909464223,-0.016620400128356017,403.55199999999996,115.414,6942.785,11.884,60.958999999999996,3538.5229999999997,1.101
-2.672642339624704,-0.2033145615001445,2.0054550343385062,0.3333616241683239,0.03790687544894793,403.55199999999996,115.414,7376.456,10.849,333.60699999999997,3538.652,1.071
-2.6540649816552655,-0.5087926451040728,-0.3555555063257877,0.40986519676882427,0.038751193380282954,429.986,120.85,7860.124,11.856,55.04,3507.586,1.031
-2.7684238098407956,-0.7633956761322589,-0.36007590119436284,0.39008920309047534,-0.020753463945388902,404.434,110.728,7599.72,11.63,44.8,3527.453,0.9940000000000001
-2.775707395175697,-1.0205067718620902,-0.15031926467307535,0.43418127282561647,0.019130105029875825,423.311,122.39,7228.459,11.934000000000001,59.68,3549.8790000000004,1.005
-2.6222128646517606,0.05737139790595458,1.9904256082550598,0.4543281961919191,0.08477175411838186,423.311,122.39,7299.706999999999,10.61,340.955,3515.8790000000004,1.1179999999999999
-2.7440772631865373,-0.9249784670806391,-0.30567111542963643,0.3877857679866385,0.015973741076875516,424.717,118.613,7513.151999999999,11.732000000000001,45.76,3540.375,1.079
-2.6901016888362292,-1.0029831602405166,-0.2189375208808977,0.23501081982299774,0.020430999289854184,427.064,120.579,7905.672,11.779000000000002,53.92,3551.336,1.071
-2.8242464548638213,-0.7058858576562431,-0.20027763506154925,0.582036203067232,-0.0022856908582196624,409.555,115.45,7001.105,11.174000000000001,63.841,3522.422,1.11
-2.805004307756983,-0.6898630309806167,0.18377497982353685,0.533096571015495,0.004731830865770035,409.555,115.45,7024.196999999999,11.305,108.32,3530.684,1.011
-2.732727417829836,-0.9162630385130777,-0.23137187765869813,0.28881683331476843,-0.003999975299389269,415.006,113.43,7767.831999999999,11.731,54.88,3543.688,0.975
-2.8255961447759286,-0.7089581620443411,-0.27524831336160144,0.6251087448775705,0.002771467337997218,411.099,118.087,6907.355,11.637,55.04,3519.992,1.062
-2.794484725579577,-0.9767408266917003,-0.25990607575556546,0.4691687416564331,0.015771010557080523,419.01800000000003,125.59,7186.611,11.092,48.479,3543.539,1.09
-2.595993641463301,-0.4438631892362305,0.5330444993326098,0.23027446172241792,0.04333403421062402,419.01800000000003,125.59,8129.246,11.626,159.201,3526.188,1.0590000000000002
-2.807162966473909,-0.6021745866523066,-0.30582598827996776,0.49813367783285617,-0.038238999544180016,389.246,110.336,7345.693,11.811,55.681000000000004,3514.473,1.014
-2.729938283643269,-0.6153615390247543,0.6195357173167493,0.3721298623385312,0.021570532114574836,415.594,114.773,7441.076999999999,10.805,161.6,3538.09,0.968
-2.6001381989238874,-0.5019405220311177,-0.35590125530429384,0.20738948987088626,0.015827600027177615,418.651,117.698,8471.681999999999,11.754000000000001,56.318999999999996,3511.637,1.153
-2.6395626336415905,-0.4220649039800637,2.009807536821131,0.10520000117946088,0.005487430069398367,389.941,111.86399999999999,7871.215,11.925,327.524,3560.172,1.0270000000000001
-2.842649660654808,-0.7869854841448676,-0.23918165844037878,0.5953406257237637,0.00152742268908047,411.255,118.1,6906.415,10.825999999999999,56.479,3527.316,0.9620000000000001
-2.8496064962300203,-0.8446302959005416,0.22583818361278396,0.5965882902483794,0.006453135747942761,411.255,118.1,6680.654,11.484000000000002,107.2,3541.7340000000004,1.1540000000000001
-2.6445537413565243,-0.6624944639064181,-0.3099806741817669,0.18881507427333757,-0.0027041438932076636,410.005,115.988,8341.002,11.796,55.68,3525.188,0.9890000000000001
-2.751843342591423,-0.3896368797394157,1.9638181616600368,0.3617716943979504,-0.0001988852133747694,384.977,111.823,7085.845,11.525,321.593,3551.316,0.951
-2.8485974447090805,-0.8553052203497743,-0.3262851645888657,0.5647057123417509,-0.004826668811644145,411.51800000000003,116.346,6969.06,10.607000000000001,44.321000000000005,3531.2070000000003,1.114
-2.7728248595015934,-0.8768122703037848,-0.25044369378314213,0.4108963305034939,-0.00440677745735973,411.51800000000003,116.346,7424.126,11.812999999999999,53.278999999999996,3537.699,1.046
-2.7441081047969305,-0.6850337281984601,0.8100527320491056,0.2966841567095641,-0.012709271963263713,395.048,112.29799999999999,7499.026,11.732999999999999,180.804,3549.3520000000003,1.084
-2.8075372846373403,-0.7660337818654217,-0.2498942235223662,0.5235818004310516,-0.004641763397597322,410.539,114.90100000000001,7155.27,11.386,56.48,3527.066,1.1640000000000001
-2.8743177464986553,-0.4988954519446987,0.7329153582048756,0.6623825581640502,-0.008639798477462095,396.515,108.679,6517.047,10.745,176.15900000000002,3525.969,0.987
-2.7547969961976038,-0.8120333059712249,-0.2618883775901095,0.2827685090246627,-0.035107878691840504,396.515,108.679,7833.281,11.687999999999999,54.718999999999994,3535.688,0.8590000000000001
-2.714617212874284,-0.7627786884629102,-0.22866683839270416,0.3074988632849774,-0.006385944732815749,409.219,115.604,7840.044,11.802999999999999,60.481,3531.922,1.167
-2.719494819670569,-0.36796931131555755,2.097360795868442,0.4387589434611148,0.04580085643509142,405.221,121.37200000000001,6888.924,11.728,337.598,3550.539,1.0270000000000001
-2.7298091761114076,-0.7474290827785746,-0.2928225492036703,0.34968831971739206,-0.005281648500641173,405.221,121.37200000000001,7745.222,11.419,53.441,3528.4770000000003,1.135
-2.704449967370226,-0.4606082025770439,-0.27603441033465526,0.3636933765142437,-0.017755385753441634,398.19,112.509,7917.348000000001,11.817,65.279,3507.285,0.991
-2.785877359114125,-0.5974426512264271,0.6786159191679726,0.5410852320800422,0.025882753624957504,414.881,117.23100000000001,6907.871999999999,11.144,167.845,3534.3590000000004,1.013
-2.833400372890992,-0.6422584509273852,-0.28576322103972635,0.6374418653022943,-0.008336196074182267,406.056,114.40799999999999,6911.052,11.663,55.994,3514.625,1.159
