date,DISTSIM_BENCH.benchmark_id,L2_BW,L3_BW,BW,MEM_BW,switch,cpu,io,memory,network,latency,latency90
3/28/2019 2:03:01.746000000 AM,parsec.blackscholes,23055123000,11527552400,93.416,58.916,15657.202,16.3,27.04,4096.293,30.535,0.042,0.054
3/28/2019 2:03:07.016000000 AM,parsec.blackscholes,23055294400,11527638200,226.412,94.402,14351.757,16.826,32.96,4087.176,27.414,0.043,0.052
3/28/2019 2:03:12.119000000 AM,parsec.blackscholes,23055132600,11527562800,324.338,114.679,15043.462,16.818,26.24,4095.938,28.075,0.045,0.054
3/28/2019 2:03:17.349000000 AM,parsec.blackscholes,23055066600,11527528400,329.735,120.274,15505.227,16.071,21.6,4097.297,20.214,0.044,0.057
3/28/2019 2:03:22.662000000 AM,parsec.blackscholes,23055304400,11527642800,344.697,138.855,15501.213,17.375,13.6,4095.402,29.116,0.048,0.067
3/28/2019 2:03:27.840000000 AM,parsec.blackscholes,23055225600,11527606800,317.16,117.719,14214.356,16.323,58.559,4097.551,28.083,0.049,0.054
3/28/2019 2:03:33.128000000 AM,parsec.blackscholes,23055225600,11527606800,317.16,117.719,15349.919,19.009,14.56,4098.008,31.504,0.048,0.065
3/28/2019 2:03:38.291000000 AM,parsec.blackscholes,23029074600,11514523000,345.02,127.903,14964.906,15.875,53.119,4097.344,24.639,0.048,0.054
3/28/2019 2:03:43.725000000 AM,parsec.blackscholes,23055309200,11527636000,333.15,127.361,14919.565,18.364,15.2,4095.914,30.408,0.05,0.063
3/28/2019 2:03:48.963000000 AM,parsec.blackscholes,23055211000,11527595400,326.786,125.499,14692.501,15.921,48.641,4096.297,27.005,0.052,0.081
3/28/2019 2:03:54.045000000 AM,parsec.blackscholes,23055211000,11527595400,326.786,125.499,15728.388,17.086,43.999,4098.77,29.85,0.044,0.052
3/28/2019 2:03:59.130000000 AM,parsec.blackscholes,23055274000,11527622800,335.625,122.234,15483.688,18.468,14.72,4098.039,22.724,0.044,0.053
3/28/2019 2:04:04.329000000 AM,parsec.blackscholes,23055253600,11527626000,345.303,141.655,14831.87,17.325,52.32,4096.168,33.396,0.051,0.059
3/28/2019 2:04:09.610000000 AM,parsec.blackscholes,23055168600,11527572600,344.159,126.711,14651.01,16.234,11.84,4097.289,28.198,0.048,0.064
3/28/2019 2:04:14.726000000 AM,parsec.blackscholes,23055168600,11527572600,344.159,126.711,15413.024,17.549,46.401,4098.094,28.133,0.044,0.057
3/28/2019 2:04:19.882000000 AM,parsec.blackscholes,23054564200,11527270400,331.618,125.926,15696.012,17.238,14.56,4099.859,26.828,0.039,0.048
3/28/2019 2:04:24.929000000 AM,parsec.blackscholes,23053551200,11526768400,353.46,143.697,15715.998,17.83,51.68,4099.453,27.849,0.043,0.056
3/28/2019 2:04:30.129000000 AM,parsec.blackscholes,23053551200,11526768400,353.46,143.697,15776.443,16.355,11.52,4097.758,29.869,0.048,0.063
3/28/2019 2:04:35.291000000 AM,parsec.blackscholes,23054290200,11527139400,345.721,140.343,15530.266,17.054,50.4,4097.566,28.347,0.039,0.046
3/28/2019 2:04:40.424000000 AM,parsec.blackscholes,23055324600,11527650600,347.1,140.862,15988.726,17.145,14.72,4099.145,27.948,0.043,0.047
3/28/2019 2:04:45.497000000 AM,parsec.blackscholes,23053738400,11526858000,352.544,143.008,15653.965,18.119,51.361,4098.434,24.607,0.046,0.058
3/28/2019 2:04:50.667000000 AM,parsec.blackscholes,23053738400,11526858000,352.544,143.008,16155.644,19.086,11.04,4099.027,35.018,0.047,0.056
3/28/2019 2:04:56.069000000 AM,parsec.blackscholes,23054851800,11527418400,354.763,150.881,16961.369,19.661,49.119,4098.797,37.775,0.043,0.054
3/28/2019 2:05:01.274000000 AM,parsec.blackscholes,23055040800,11527515000,367.596,152.96,17049.301,20.844,46.081,4098.844,37.983,0.043,0.05
3/28/2019 2:05:06.600000000 AM,parsec.blackscholes,23055102400,11527535400,358.524,140.513,16098.742,19.204,10.885,4099.184,36.868,0.044,0.053
3/28/2019 2:05:11.625000000 AM,parsec.blackscholes,23055102400,11527535400,358.524,140.513,16912.407,20.642,53.438,4099.363,36.815,0.047,0.062
3/28/2019 2:05:16.886000000 AM,parsec.blackscholes,23055096800,11527537400,364.093,155.031,17417.705,23.195,65.116,4099.477,44.081,0.045,0.051
3/28/2019 2:05:22.221000000 AM,parsec.blackscholes,23054841000,11527411500,384.707,154.974,15547.01,20.627,45.444,4101.586,34.824,0.045,0.059
3/28/2019 2:05:27.408000000 AM,parsec.blackscholes,23054520200,11527252600,382.776,157.593,16108.157,21.248,45.119,4100.07,43.604,0.049,0.07
3/28/2019 2:05:32.687000000 AM,parsec.blackscholes,23054967000,11527471200,390.616,168.557,18235.888,22.51,44.641,4100.289,48.031,0.045,0.06
3/28/2019 2:05:37.762000000 AM,parsec.blackscholes,23055314200,11527645000,374.467,159.512,16267.771,23.228,46.4,4100.422,47.969,0.048,0.068
3/28/2019 2:05:42.930000000 AM,parsec.blackscholes,23051705600,11525839400,402.741,166.401,17002.993,24.233,11.52,4100.523,51.354,0.045,0.06
3/28/2019 2:05:47.994000000 AM,parsec.blackscholes,23051705600,11525839400,402.741,166.401,17716.015,26.503,61.601,4099.84,58.915,0.044,0.051
3/28/2019 2:05:53.090000000 AM,parsec.blackscholes,23054880800,11527436400,420.539,202.915,18167.611,26.976,50.4,4096.82,62.003,0.05,0.06
3/28/2019 2:05:58.133000000 AM,parsec.blackscholes,23055294800,11527627200,412.614,177.599,16600.656,25.81,15.04,4100.094,58.055,0.05,0.057
3/28/2019 2:06:03.446000000 AM,parsec.blackscholes,23055255400,11527610000,414.915,193.564,17185.841,25.204,47.2,4099.766,61.734,0.043,0.052
3/28/2019 2:06:08.425000000 AM,parsec.blackscholes,23055255400,11527610000,414.915,193.564,18338.305,28.928,51.839,4099.434,57.315,0.043,0.055
3/28/2019 2:06:13.666000000 AM,parsec.blackscholes,23055283800,11527628800,429.801,194.316,17388.195,28.731,35.199,4099.602,67.683,0.046,0.055
3/28/2019 2:06:18.782000000 AM,parsec.blackscholes,23054252800,11527111400,436.152,198.603,16993.042,29.305,18.24,4097.688,69.868,0.047,0.06
3/28/2019 2:06:24.079000000 AM,parsec.blackscholes,23054252800,11527111400,436.152,198.603,17041.235,29.945,53.282,4100.516,78.213,0.04,0.046
3/28/2019 2:06:29.321000000 AM,parsec.blackscholes,23055057600,11527524400,448.173,210.26,17689.129,31.606,14.4,4098.836,85.011,0.042,0.048
3/28/2019 2:06:34.441000000 AM,parsec.blackscholes,23055332600,11527650200,504.801,258.533,17374.67,34.268,50.879,4099.098,88.722,0.047,0.062
3/28/2019 2:06:39.728000000 AM,parsec.blackscholes,23055249200,11527620800,507.989,255.639,16560.074,38.426,23.039,4099.922,116.757,0.045,0.056
3/28/2019 2:06:45.097000000 AM,parsec.blackscholes,23055249200,11527620800,507.989,255.639,17356.645,39.848,47.682,4101.852,114.962,0.045,0.055
3/28/2019 2:06:50.139000000 AM,parsec.blackscholes,23055324800,11527654200,535.025,258.561,17526.493,45.486,67.519,4098.785,112.448,0.044,0.054
3/28/2019 2:06:55.203000000 AM,parsec.blackscholes,23055361600,11527658600,610.462,332.585,16992.897,46.795,51.359,4100.496,148.045,0.049,0.062
3/28/2019 2:07:00.336000000 AM,parsec.blackscholes,23055092600,11527540800,608.058,342.526,16559.573,48.884,56.48,4100.82,161.203,0.046,0.053
3/28/2019 2:07:05.707000000 AM,parsec.blackscholes,23055092600,11527540800,608.058,342.526,17099.009,50.356,81.124,4101.078,158.641,0.046,0.052
3/28/2019 2:07:10.965000000 AM,parsec.blackscholes,23054376400,11527177200,636.872,351.289,17391.564,49.919,69.759,4101.074,170.579,0.047,0.057
3/28/2019 2:07:16.218000000 AM,parsec.blackscholes,23054848000,11527410800,647.749,361.018,16282.529,51.661,75.039,4103.41,166.742,0.048,0.057
3/28/2019 2:07:21.574000000 AM,parsec.blackscholes,23054236000,11527125600,701.361,416.615,17144.192,57.022,61.52,4101.824,203.424,0.046,0.054
3/28/2019 2:07:26.640000000 AM,parsec.blackscholes,23054236000,11527125600,701.361,416.615,17938.12,62.417,87.042,4101.238,234.917,0.047,0.055
3/28/2019 2:07:32.003000000 AM,parsec.blackscholes,23055216800,11527619200,742.447,448.2,17479.926,68.795,89.92,4100.125,200.517,0.047,0.055
3/28/2019 2:07:37.193000000 AM,parsec.blackscholes,23054527900,11527258300,850.959,548.695,18421.485,74.486,18.24,4100.641,260.82,0.046,0.051
3/28/2019 2:07:42.345000000 AM,parsec.blackscholes,23053785400,11526872800,904.287,602.444,19674.566,89.454,156.803,4102.828,384.273,0.047,0.051
3/28/2019 2:07:47.469000000 AM,parsec.blackscholes,23053509700,11526746300,955.02,654.435,20250.487,83.296,15.04,4106.125,356.015,0.048,0.057
3/28/2019 2:07:52.751000000 AM,parsec.blackscholes,22918606800,11459319800,1033.423,728.426,18311.498,89.108,164.32,4105.824,359.561,0.051,0.067
3/28/2019 2:07:58.042000000 AM,parsec.blackscholes,22918606800,11459319800,1033.423,728.426,18578.826,89.095,50.08,4110.105,355.419,0.047,0.054
3/28/2019 2:08:03.414000000 AM,parsec.blackscholes,23055175000,11527606800,1034.93,732.743,18067.85,88.597,160.32,4109.824,384.863,0.05,0.057
3/28/2019 2:08:08.596000000 AM,parsec.blackscholes,23052138800,11526033000,1047.378,743.596,19186.329,90.413,25.598,4114.164,397.094,0.051,0.058
3/28/2019 2:08:13.857000000 AM,parsec.blackscholes,23055321800,11527650400,995.178,683.428,19554.409,85.741,170.733,4116.504,282.75,0.048,0.057
3/28/2019 2:08:19.249000000 AM,parsec.blackscholes,23055321800,11527650400,995.178,683.428,18680.117,87.612,25.6,4113.832,357.272,0.047,0.052
3/28/2019 2:08:24.505000000 AM,parsec.blackscholes,23008890800,11504441000,1053.23,748.243,19710.329,89.93,192.642,4114.066,393.587,0.051,0.058
3/28/2019 2:08:29.691000000 AM,parsec.blackscholes,23055207800,11527615200,1028.29,719.321,17991.052,90.253,14.88,4112.441,336.976,0.049,0.062
3/28/2019 2:08:35.061000000 AM,parsec.blackscholes,23014986800,11507466800,1035.767,743.494,17685.432,89.994,164.323,4115.766,366.132,0.053,0.059
3/28/2019 2:08:40.297000000 AM,parsec.blackscholes,23014986800,11507466800,1035.767,743.494,18947.596,91.393,15.2,4116.125,351.939,0.047,0.059
3/28/2019 2:08:45.625000000 AM,parsec.blackscholes,23053794600,11526924600,1080.164,787.537,19153.085,90.963,13.28,4117.121,372.269,0.049,0.053
3/28/2019 2:08:50.767000000 AM,parsec.blackscholes,23055413000,11527699600,1067.695,769.404,18554.829,89.682,198.239,4118.203,362.204,0.048,0.052
3/28/2019 2:08:56.136000000 AM,parsec.blackscholes,23055413000,11527699600,1067.695,769.404,19497.579,89.903,13.92,4115.086,397.493,0.047,0.056
3/28/2019 2:09:01.445000000 AM,parsec.blackscholes,23042321600,11521150800,1068.151,773.837,18655.034,91.242,138.323,4118.094,340.856,0.05,0.064
3/28/2019 2:09:06.369000000 AM,parsec.blackscholes,22937467600,11468743800,1053.289,764.172,18837.155,91.154,138.238,4119.691,379.404,0.048,0.056
3/28/2019 2:09:11.655000000 AM,parsec.blackscholes,23054062800,11527081600,1095.965,798.385,19003.985,91.665,9.447,4120.438,377.438,0.048,0.053
3/28/2019 2:09:17.014000000 AM,parsec.blackscholes,23054062800,11527081600,1095.965,798.385,19675.061,89.841,252.802,4118.555,383.233,0.051,0.067
3/28/2019 2:09:22.236000000 AM,parsec.blackscholes,23055117300,11527539700,1088.628,782.401,17603.799,91.626,50.88,4120.184,406.289,0.048,0.051
3/28/2019 2:09:27.271000000 AM,parsec.blackscholes,23052145700,11526056800,1074.88,778.012,18460.189,91.332,147.36,4119.25,394.145,0.047,0.05
3/28/2019 2:09:32.616000000 AM,parsec.blackscholes,23049286200,11524618200,1066.854,780.087,18823.809,90.565,22.4,4121.008,373.401,0.052,0.067
3/28/2019 2:09:37.853000000 AM,parsec.blackscholes,23048857400,11524401400,1046.406,749.527,18662.501,90.747,189.759,4120.227,302.294,0.051,0.063
3/28/2019 2:09:43.224000000 AM,parsec.blackscholes,23051226800,11525586800,1052.094,746.666,18807.464,89.936,15.04,4121.547,380.417,0.051,0.066
3/28/2019 2:09:48.513000000 AM,parsec.blackscholes,23051226800,11525586800,1052.094,746.666,18152.017,89.848,184.485,4123.105,374.803,0.05,0.062
3/28/2019 2:09:53.788000000 AM,parsec.blackscholes,23048754000,11524368000,1065.041,757.888,18347.302,91.545,19.68,4123.727,384.406,0.051,0.063
3/28/2019 2:09:59.022000000 AM,parsec.blackscholes,23055300200,11527649000,1089.424,783.952,19090.009,91.874,188.64,4122.055,402.651,0.047,0.054
3/28/2019 2:10:04.354000000 AM,parsec.blackscholes,23055219000,11527626400,1080.447,786.759,18865.425,91.124,20.32,4120.75,383.706,0.05,0.062
3/28/2019 2:10:09.635000000 AM,parsec.blackscholes,23055219000,11527626400,1080.447,786.759,18225.698,89.252,211.837,4122.25,387.333,0.049,0.057
3/28/2019 2:10:14.856000000 AM,parsec.blackscholes,23047646400,11523794800,1054.531,746.593,19896.598,83.526,16.32,4121.406,377.77,0.05,0.055
3/28/2019 2:10:20.070000000 AM,parsec.blackscholes,23055517400,11527787200,983.231,673.493,19261.69,87.139,186.079,4122.063,350.393,0.047,0.058
3/28/2019 2:10:25.255000000 AM,parsec.blackscholes,23051223600,11525635600,976.917,661.797,18247.702,85.183,27.36,4123.039,278.236,0.044,0.048
3/28/2019 2:10:30.521000000 AM,parsec.blackscholes,23051223600,11525635600,976.917,661.797,19391.237,85.021,189.599,4121.551,350.388,0.048,0.06
3/28/2019 2:10:35.748000000 AM,parsec.blackscholes,23055135200,11527531200,956.868,649.133,18684.168,81.481,20.48,4123.824,330.116,0.049,0.054
3/28/2019 2:10:41.030000000 AM,parsec.blackscholes,23055238800,11527616600,948.217,636.039,18678.824,82.053,154.559,4120.285,316.348,0.047,0.06
3/28/2019 2:10:46.135000000 AM,parsec.blackscholes,23055165400,11527578000,959.229,649.484,19210.916,82.588,14.72,4122.395,352.878,0.047,0.059
3/28/2019 2:10:51.323000000 AM,parsec.blackscholes,23055165400,11527578000,959.229,649.484,18626.504,82.477,174.08,4121.348,334.985,0.05,0.059
3/28/2019 2:10:56.551000000 AM,parsec.blackscholes,23055195400,11527594400,969.425,660.337,18503.204,82.47,87.038,4122.238,329.635,0.048,0.054
3/28/2019 2:11:01.636000000 AM,parsec.blackscholes,23055363000,11527646800,954.731,643.066,18238.422,78.65,18.24,4121.828,318.327,0.046,0.055
3/28/2019 2:11:06.791000000 AM,parsec.blackscholes,23055363000,11527646800,954.731,643.066,18909.198,76.445,163.198,4124.785,249.242,0.051,0.065
3/28/2019 2:11:11.924000000 AM,parsec.blackscholes,23055310600,11527668000,927.648,622.432,19248.563,73.949,16.64,4124.5,298.769,0.046,0.051
3/28/2019 2:11:17.058000000 AM,parsec.blackscholes,23054912200,11527453600,922.751,612.891,17917.817,73.4,141.121,4114.711,288.894,0.046,0.057
3/28/2019 2:11:22.197000000 AM,parsec.blackscholes,23053814800,11526896800,865.85,571.273,17459.095,71.192,11.36,4124.809,273.537,0.05,0.059
3/28/2019 2:11:27.569000000 AM,parsec.blackscholes,23053922800,11526946300,844.683,541.942,18629.42,70.93,18.72,4122.246,278.906,0.044,0.048
3/28/2019 2:11:32.710000000 AM,parsec.blackscholes,23053333600,11526679800,864.957,562.117,17692.877,76.63,150.084,4124.68,287.618,0.051,0.069
3/28/2019 2:11:37.957000000 AM,parsec.blackscholes,23053053000,11526541400,896.587,587.666,18799.815,77.54,10.08,4123.652,310.381,0.047,0.055
3/28/2019 2:11:43.086000000 AM,parsec.blackscholes,23053053000,11526541400,896.587,587.666,18328.274,72.686,140.799,4124.152,290.082,0.048,0.059
3/28/2019 2:11:48.242000000 AM,parsec.blackscholes,23055455000,11527716000,877.277,573.354,19062.572,77.345,22.879,4124.383,232.021,0.044,0.048
3/28/2019 2:11:53.319000000 AM,parsec.blackscholes,23055309600,11527648800,895.445,587.374,17104.801,75.955,157.441,4121.945,301.945,0.052,0.068
3/28/2019 2:11:58.431000000 AM,parsec.blackscholes,23055309600,11527648800,895.445,587.374,18247.315,72.312,10.4,4122.07,287.592,0.047,0.058
3/28/2019 2:12:03.590000000 AM,parsec.blackscholes,23055391800,11527696400,884.755,573.775,18504.496,74.284,140.32,4122.289,282.54,0.049,0.059
3/28/2019 2:12:08.762000000 AM,parsec.blackscholes,23055349400,11527670600,859.121,546.352,17894.099,73.471,19.84,4124.215,282.714,0.048,0.062
3/28/2019 2:12:13.853000000 AM,parsec.blackscholes,23054085000,11527033200,871.344,566.117,17719.169,74.43,139.676,4116.074,284.88,0.045,0.052
3/28/2019 2:12:19.056000000 AM,parsec.blackscholes,23054085000,11527033200,871.344,566.117,17715.911,72.852,15.68,4123.152,285.797,0.045,0.054
3/28/2019 2:12:24.382000000 AM,parsec.blackscholes,23053910000,11526927800,865.842,562.572,17843.311,71.554,152.636,4122.34,270.565,0.046,0.054
3/28/2019 2:12:29.542000000 AM,parsec.blackscholes,23055428000,11527743800,824.753,525.499,17162.541,70.744,21.761,4122.883,265.292,0.05,0.068
3/28/2019 2:12:34.657000000 AM,parsec.blackscholes,23055357800,11527683000,852.107,540.909,17498.024,70.836,146.72,4123.277,218.222,0.046,0.052
3/28/2019 2:12:39.760000000 AM,parsec.blackscholes,23055357800,11527683000,852.107,540.909,18212.701,77.386,18.72,4122.5,291.624,0.048,0.061
3/28/2019 2:12:45.153000000 AM,parsec.blackscholes,23039055600,11519521800,880.502,566.241,17573.395,72.015,150.562,4121.625,279.605,0.043,0.048
3/28/2019 2:12:50.420000000 AM,parsec.blackscholes,23055342600,11527655000,892.349,582.024,17160.853,74.171,15.68,4123.313,291.594,0.049,0.061
3/28/2019 2:12:55.441000000 AM,parsec.blackscholes,23055342600,11527655000,892.349,582.024,17665.808,72.303,159.845,4122.922,282.094,0.046,0.053
3/28/2019 2:13:00.615000000 AM,parsec.blackscholes,23055334000,11527663600,873.816,569.084,18038.681,76.048,23.2,4124.645,291.506,0.048,0.058
3/28/2019 2:13:05.659000000 AM,parsec.blackscholes,23055286400,11527641400,855.111,553.271,18455.536,74.215,152.32,4123.137,285.844,0.044,0.051
3/28/2019 2:13:10.880000000 AM,parsec.blackscholes,23053936400,11526963400,883.939,566.587,17881.653,72.976,19.2,4122.211,301.853,0.046,0.051
3/28/2019 2:13:16.115000000 AM,parsec.blackscholes,23053936400,11526963400,883.939,566.587,17661.056,71.827,147.517,4126.055,230.887,0.052,0.068
3/28/2019 2:13:21.280000000 AM,parsec.blackscholes,22954106800,11477039800,833.2,532.349,18135.011,74.567,15.04,4124.512,299.988,0.045,0.05
3/28/2019 2:13:26.427000000 AM,parsec.blackscholes,23055320200,11527682400,897.392,595.907,18106.796,76.909,89.441,4124.246,297.674,0.05,0.059
3/28/2019 2:13:31.480000000 AM,parsec.blackscholes,23053239000,11526623400,892.35,588.609,17853.259,73.827,77.761,4125.307,296.351,0.046,0.056
3/28/2019 2:13:36.632000000 AM,parsec.blackscholes,23053239000,11526623400,892.35,588.609,17871.755,78.546,17.92,4124.309,297.599,0.049,0.064
3/28/2019 2:13:41.844000000 AM,parsec.blackscholes,23055233000,11527577600,910.865,596.243,17445.943,72.354,158.88,4124.41,292.622,0.048,0.062
3/28/2019 2:13:47.248000000 AM,parsec.blackscholes,23051629400,11525823900,873.236,564.749,17726.835,71.651,16.8,4124.395,286.501,0.043,0.047
3/28/2019 2:13:52.478000000 AM,parsec.blackscholes,23054372800,11527184400,877.205,564.674,18893.544,77.165,150.719,4122.75,291.198,0.047,0.054
3/28/2019 2:13:57.623000000 AM,parsec.blackscholes,23051577200,11525794000,905.643,592.303,18269.834,75.119,15.36,4125.777,243.512,0.047,0.055
3/28/2019 2:14:02.793000000 AM,parsec.blackscholes,23055191600,11527568800,890.388,582.129,17421.775,74.984,14.08,4122.043,309.08,0.048,0.061
3/28/2019 2:14:07.870000000 AM,parsec.blackscholes,23055383800,11527670400,849.778,548.023,17614.556,73.13,168.964,4123.918,286.376,0.046,0.056
3/28/2019 2:14:13.027000000 AM,parsec.blackscholes,23055383800,11527670400,849.778,548.023,18097.172,73.939,22.24,4124.527,286.838,0.046,0.061
3/28/2019 2:14:18.125000000 AM,parsec.blackscholes,23054877600,11527446200,851.812,550.497,18500.685,73.863,114.238,4125.195,290.381,0.046,0.052
3/28/2019 2:14:23.407000000 AM,parsec.blackscholes,23055091600,11527532800,867.203,555.98,17429.259,74.099,112.321,4126.047,292.026,0.048,0.063
3/28/2019 2:14:28.705000000 AM,parsec.blackscholes,23055091600,11527532800,867.203,555.98,17356.054,74.686,16.16,4124.996,301.627,0.054,0.062
3/28/2019 2:14:33.844000000 AM,parsec.blackscholes,23017838800,11508902800,878.216,563.911,18332.678,70.468,147.2,4123.574,283.838,0.047,0.058
3/28/2019 2:14:38.991000000 AM,parsec.blackscholes,23052752800,11526379800,863.117,554.071,18378.655,73.317,20.96,4122.914,234.608,0.046,0.049
3/28/2019 2:14:44.123000000 AM,parsec.blackscholes,23055224800,11527627800,884.439,573.15,17495.955,74.931,142.077,4123.633,296.668,0.047,0.051
3/28/2019 2:14:49.167000000 AM,parsec.blackscholes,23055224800,11527627800,884.439,573.15,18267.525,77.655,28.96,4123.699,304.305,0.046,0.052
3/28/2019 2:14:54.313000000 AM,parsec.blackscholes,23055240600,11527617800,907.603,602.472,18451.901,77.528,151.361,4126.348,310.475,0.046,0.054
3/28/2019 2:14:59.400000000 AM,parsec.blackscholes,23055304800,11527639600,896.027,594.142,17861.771,76.579,21.12,4125.859,295.423,0.045,0.049
3/28/2019 2:15:04.641000000 AM,parsec.blackscholes,23055205000,11527604800,899.601,589.709,18172.934,74.636,161.599,4126.648,317.181,0.052,0.064
3/28/2019 2:15:09.674000000 AM,parsec.blackscholes,23055205000,11527604800,899.601,589.709,17922.423,77.38,15.52,4126.813,295.473,0.046,0.052
3/28/2019 2:15:14.782000000 AM,parsec.blackscholes,23055468800,11527733800,883.136,569.254,18629.136,77.99,157.758,4125.082,300.553,0.047,0.057
3/28/2019 2:15:19.990000000 AM,parsec.blackscholes,23055311200,11527646000,914.55,603.033,18147.96,78.642,15.68,4124.656,308.972,0.049,0.064
3/28/2019 2:15:25.127000000 AM,parsec.blackscholes,23055323200,11527652000,937.669,625.196,18129.314,81.81,161.918,4124.977,255.605,0.046,0.053
3/28/2019 2:15:30.328000000 AM,parsec.blackscholes,23055323200,11527652000,937.669,625.196,18873.63,74.481,16,4125.223,309.802,0.052,0.07
3/28/2019 2:15:35.442000000 AM,parsec.blackscholes,23054682600,11527366200,907.455,605.063,17973.431,80.451,155.674,4125.164,316.121,0.048,0.056
3/28/2019 2:15:40.534000000 AM,parsec.blackscholes,23055479600,11527752200,943.946,631.776,18147.031,81.649,15.2,4123.914,324.17,0.047,0.055
3/28/2019 2:15:45.836000000 AM,parsec.blackscholes,23055479600,11527752200,943.946,631.776,18367.987,82.503,187.369,4126.777,332.355,0.049,0.056
3/28/2019 2:15:51.210000000 AM,parsec.blackscholes,23052538600,11526230600,968.347,654.415,19402.185,87.528,14.72,4126.184,348.468,0.047,0.053
3/28/2019 2:15:56.361000000 AM,parsec.blackscholes,23055206400,11527590400,957.265,654.719,17911.857,83.756,96.319,4127.424,339.433,0.05,0.072
3/28/2019 2:16:01.587000000 AM,parsec.blackscholes,23054494200,11527261800,990.683,678.901,18551.813,85.65,172.641,4127.875,274.763,0.049,0.059
3/28/2019 2:16:06.792000000 AM,parsec.blackscholes,23054494200,11527261800,990.683,678.901,19489.076,82.675,15.2,4127.063,346.493,0.051,0.061
3/28/2019 2:16:12.070000000 AM,parsec.blackscholes,23048206600,11524103800,978.336,676.006,19047.847,84.335,174.879,4126.852,339.652,0.048,0.053
3/28/2019 2:16:17.314000000 AM,parsec.blackscholes,23055336500,11527647700,996.606,683.428,18754.058,87.676,15.999,4126.328,342.029,0.049,0.059
3/28/2019 2:16:22.653000000 AM,parsec.blackscholes,23055241000,11527601600,1016.942,712.99,18599.896,91.711,163.848,4127.449,373.183,0.048,0.053
3/28/2019 2:16:27.895000000 AM,parsec.blackscholes,23044370000,11522221800,1074.259,763.685,19076.762,92.045,42.4,4127.961,364.644,0.047,0.052
3/28/2019 2:16:33.187000000 AM,parsec.blackscholes,23052062000,11526029800,1042.108,754.686,18196.859,91.193,27.838,4128.188,390.676,0.048,0.054
3/28/2019 2:16:38.470000000 AM,parsec.blackscholes,23052062000,11526029800,1042.108,754.686,19338.532,89.891,181.607,4126.891,400.274,0.052,0.066
3/28/2019 2:16:43.519000000 AM,parsec.blackscholes,23039839600,11519910200,1078.56,767.954,19687.866,90.81,13.92,4130.664,355.277,0.05,0.06
3/28/2019 2:16:48.792000000 AM,parsec.blackscholes,23055314000,11527604400,1063.564,776.248,18202.659,91.464,181.6,4128.398,264.436,0.049,0.057
3/28/2019 2:16:54.012000000 AM,parsec.blackscholes,23049932200,11524983600,1053.117,761.527,17974.71,89.663,25.44,4128.285,378.716,0.049,0.057
3/28/2019 2:16:59.313000000 AM,parsec.blackscholes,23049932200,11524983600,1053.117,761.527,18043.49,89.879,175.043,4128.102,381.793,0.051,0.056
3/28/2019 2:17:04.635000000 AM,parsec.blackscholes,23055326800,11527667000,1066.575,771.058,19828.733,91.705,32.16,4131.113,378.608,0.049,0.058
3/28/2019 2:17:09.812000000 AM,parsec.blackscholes,23055096600,11527527600,1068.979,767.706,18111.824,90.102,202.242,4131.047,383.011,0.047,0.051
3/28/2019 2:17:15.009000000 AM,parsec.blackscholes,23053695200,11526841000,1076.808,783.129,18742.953,90.63,21.76,4130.082,360.569,0.049,0.063
3/28/2019 2:17:20.196000000 AM,parsec.blackscholes,23053695200,11526841000,1076.808,783.129,19886.916,90.851,184.639,4131.66,387.415,0.049,0.057
3/28/2019 2:17:25.562000000 AM,parsec.blackscholes,23052877800,11526439200,1072.696,769.338,17767.627,91.41,60.801,4132.207,367.552,0.051,0.061
3/28/2019 2:17:30.783000000 AM,parsec.blackscholes,23054941000,11527476200,1046.596,763.448,18190.891,91.485,141.44,4136.465,286.684,0.051,0.064
3/28/2019 2:17:36.090000000 AM,parsec.blackscholes,23054941000,11527476200,1046.596,763.448,18139.091,90.63,19.36,4138.031,396.962,0.051,0.066
3/28/2019 2:17:41.387000000 AM,parsec.blackscholes,23055399600,11527679400,1062.303,766.415,18792.49,90.195,106.481,4141.691,384.803,0.049,0.058
3/28/2019 2:17:46.735000000 AM,parsec.blackscholes,23049192200,11524581800,1073.623,761.819,18300.665,90.983,188.951,4142.109,387.129,0.056,0.07
3/28/2019 2:17:51.962000000 AM,parsec.blackscholes,23054853600,11527438600,1069.245,771.318,18678.163,90.601,13.921,4146.387,374.871,0.048,0.053
3/28/2019 2:17:57.210000000 AM,parsec.blackscholes,23024014500,11512003500,1049.383,752.497,18968.819,89.338,182.878,4150.859,362.069,0.049,0.054
3/28/2019 2:18:02.594000000 AM,parsec.blackscholes,23054955200,11527514000,1089.764,772.946,18880.187,90.371,15.2,4152.141,369.95,0.053,0.062
3/28/2019 2:18:07.844000000 AM,parsec.blackscholes,23055442600,11527720800,1071.126,780.019,17589.964,90.919,12.96,4154.262,395.997,0.049,0.056
3/28/2019 2:18:12.889000000 AM,parsec.blackscholes,23055442600,11527720800,1071.126,780.019,17992.161,90.762,260.803,4154.695,281.806,0.053,0.061
3/28/2019 2:18:18.088000000 AM,parsec.blackscholes,22263796600,10772802000,1067.045,783.846,18496.361,91.77,19.04,4157.227,392.26,0.05,0.063
3/28/2019 2:18:23.390000000 AM,parsec.blackscholes,23055466400,11527760400,1070.655,779.726,17898.149,91.116,176.159,4159.488,378.491,0.048,0.051
3/28/2019 2:18:28.609000000 AM,parsec.blackscholes,23054285200,11527169800,1059.232,777.115,18254.696,90.291,14.56,4162.102,374.816,0.048,0.047
3/28/2019 2:18:33.881000000 AM,parsec.blackscholes,23054285200,11527169800,1059.232,777.115,18712.561,91.531,182.56,4164.715,397.164,0.049,0.059
3/28/2019 2:18:39.155000000 AM,parsec.blackscholes,22912854200,11456408400,1062.163,774.84,19044.972,91.037,15.36,4165.664,371.993,0.048,0.054
3/28/2019 2:18:44.282000000 AM,parsec.blackscholes,22923128400,11461538200,1052.828,762.7,17854.206,89.873,147.513,4167.184,369.647,0.046,0.05
3/28/2019 2:18:49.342000000 AM,parsec.blackscholes,22923128400,11461538200,1052.828,762.7,19426.924,90.734,78.402,4166.551,388.136,0.054,0.072
3/28/2019 2:18:54.648000000 AM,parsec.blackscholes,23055288800,11527648600,1081.386,785.824,18903.926,90.692,165.76,4169.844,305.203,0.051,0.059
3/28/2019 2:18:59.944000000 AM,parsec.blackscholes,23053965000,11526937000,1063.427,771.422,19127.08,91.011,29.44,4168.031,371.869,0.048,0.056
3/28/2019 2:19:04.945000000 AM,parsec.blackscholes,23054911000,11527432200,1050.778,749.793,18579.316,90.034,188.323,4170.578,398.903,0.051,0.061
3/28/2019 2:19:10.141000000 AM,parsec.blackscholes,23054911000,11527432200,1050.778,749.793,18915.282,90.06,14.4,4170.836,375.139,0.047,0.054
3/28/2019 2:19:15.366000000 AM,parsec.blackscholes,22999619200,11499778800,1082.943,783.84,19500.786,89.549,18.56,4171.129,454.885,0.048,0.054
3/28/2019 2:19:20.565000000 AM,parsec.blackscholes,23055364600,11527700400,1042.368,721.659,19022.95,86.858,202.879,4171.84,377.647,0.047,0.057
3/28/2019 2:19:25.742000000 AM,parsec.blackscholes,23055247200,11527612200,993.928,688.203,19068.291,85.255,10.56,4174.5,344.447,0.05,0.065
3/28/2019 2:19:31.067000000 AM,parsec.blackscholes,23055247200,11527612200,993.928,688.203,19737.139,85.967,17.44,4172.906,365.795,0.05,0.063
3/28/2019 2:19:36.184000000 AM,parsec.blackscholes,23053334200,11526634000,998.383,683.986,19665.476,84.199,235.043,4173.078,348.351,0.047,0.055
3/28/2019 2:19:41.362000000 AM,parsec.blackscholes,23054674600,11527371000,972.3,660.986,8897.602,81.821,21.76,4171.686,299.1,0.048,0.053
3/28/2019 2:19:46.574000000 AM,parsec.blackscholes,23054674600,11527371000,972.3,660.986,18980.763,80.36,87.44,4171.109,324.062,0.048,0.061
3/28/2019 2:19:51.663000000 AM,parsec.blackscholes,23050408400,11525194600,933.775,619.773,18638.194,74.635,126.561,4172.352,289.495,0.045,0.05
3/28/2019 2:19:56.774000000 AM,parsec.blackscholes,23055157000,11527558400,898.668,597.549,17734.51,72.261,14.72,4171.031,287.255,0.048,0.059
3/28/2019 2:20:01.868000000 AM,parsec.blackscholes,23052968200,11526487200,874.586,574.111,17084.408,67.988,122.72,4172.031,263.226,0.048,0.061
3/28/2019 2:20:06.945000000 AM,parsec.blackscholes,23052968200,11526487200,874.586,574.111,18070.858,68.463,92.962,4171.934,260.666,0.046,0.055
3/28/2019 2:20:11.985000000 AM,parsec.blackscholes,23054870200,11527422800,823.831,519.441,17280.213,61.162,107.519,4174.215,233.71,0.047,0.056
3/28/2019 2:20:17.397000000 AM,parsec.blackscholes,23055252000,11527615000,769.993,475.94,16555.174,63.63,18.56,4177.91,188.943,0.048,0.064
3/28/2019 2:20:22.778000000 AM,parsec.blackscholes,23055235000,11527624200,769.056,479.164,17794.662,63.487,136.957,4172.645,227.219,0.046,0.053
3/28/2019 2:20:27.813000000 AM,parsec.blackscholes,23052653200,11526335800,768.768,467.976,17828.961,60.321,15.84,4173.969,223.345,0.047,0.057
3/28/2019 2:20:33.109000000 AM,parsec.blackscholes,23053775400,11526881200,746.301,451.298,16459.016,62.44,112.803,4173.961,219.512,0.044,0.048
3/28/2019 2:20:38.443000000 AM,parsec.blackscholes,23054054000,11527041400,739.059,445.843,16664.57,60.04,13.6,4174.695,219.133,0.044,0.051
3/28/2019 2:20:43.799000000 AM,parsec.blackscholes,23054054000,11527041400,739.059,445.843,17269.211,59.316,115.68,4173.156,200.081,0.047,0.056
3/28/2019 2:20:49.146000000 AM,parsec.blackscholes,23040812600,11520389200,706.341,418.537,18283.218,56.302,83.359,4173.906,193.572,0.044,0.051
3/28/2019 2:20:54.344000000 AM,parsec.blackscholes,23053612600,11526816400,702.014,414.677,16948.422,58.166,83.982,4173.285,203.076,0.052,0.06
3/28/2019 2:20:59.615000000 AM,parsec.blackscholes,23053612600,11526816400,702.014,414.677,16794.22,57.027,12.963,4175.359,201.35,0.044,0.05
3/28/2019 2:21:04.903000000 AM,parsec.blackscholes,23054276000,10806681400,688.082,405.046,17811.083,55.932,117.756,4172.762,145.662,0.047,0.053
3/28/2019 2:21:10.228000000 AM,parsec.blackscholes,23055389400,11527670000,680.037,402.789,17192.973,53.694,76.324,4174.551,182.765,0.047,0.054
3/28/2019 2:21:15.343000000 AM,parsec.blackscholes,23051878200,11525933600,652.418,371.368,16037.595,52.072,78.235,4173.035,179.223,0.045,0.054
3/28/2019 2:21:20.431000000 AM,parsec.blackscholes,23051878200,11525933600,652.418,371.368,16955.916,50.886,12.001,4172.66,172.945,0.049,0.065
3/28/2019 2:21:25.622000000 AM,parsec.blackscholes,23053461600,11526757800,655.132,375.385,17268.591,53.24,99.839,4172.918,177.312,0.044,0.048
3/28/2019 2:21:30.758000000 AM,parsec.blackscholes,23012665800,11506309200,623.353,350.549,17142.432,50.349,38.719,4172.773,164.297,0.043,0.052
3/28/2019 2:21:36.063000000 AM,parsec.blackscholes,23055329200,11527667600,653.465,377.485,16885.059,51.629,49.761,4172.789,171.359,0.048,0.059
3/28/2019 2:21:41.457000000 AM,parsec.blackscholes,23055329200,11527667600,653.465,377.485,17316.721,53.633,74.401,4173.934,177.017,0.052,0.059
3/28/2019 2:21:46.746000000 AM,parsec.blackscholes,23055159800,11527556800,651.198,375.252,16499.713,50.61,14.72,4175.418,129.82,0.048,0.062
3/28/2019 2:21:51.954000000 AM,parsec.blackscholes,23055384600,11527701800,642.147,361.477,16937.504,50.392,88.959,4175.102,157.911,0.046,0.058
3/28/2019 2:21:57.129000000 AM,parsec.blackscholes,23053580800,11526802600,628.117,350.716,17990.21,51.615,19.04,4176.535,163.071,0.04,0.047
3/28/2019 2:22:02.253000000 AM,parsec.blackscholes,23054423100,11527203000,629.408,355.593,17593.067,49.8,107.84,4174.387,155.767,0.043,0.052
3/28/2019 2:22:07.502000000 AM,parsec.blackscholes,23055193800,11527578500,625.968,352.118,16964.663,48.572,14.24,4173.75,154.364,0.05,0.06
3/28/2019 2:22:12.706000000 AM,parsec.blackscholes,23055179800,11527600000,594.341,331.106,17057.281,45.418,82.241,4174.004,141.042,0.045,0.058
3/28/2019 2:22:17.833000000 AM,parsec.blackscholes,23055179800,11527600000,594.341,331.106,17707.803,48.126,20.64,4174.859,149.9,0.044,0.056
3/28/2019 2:22:23.006000000 AM,parsec.blackscholes,23054741800,11527360000,620.98,341.432,17631.462,47.614,91.36,4175.395,148.667,0.045,0.055
3/28/2019 2:22:28.173000000 AM,parsec.blackscholes,23055362400,11527687800,610.562,337.593,16234.253,48.449,73.12,4173.066,121.305,0.042,0.05
3/28/2019 2:22:33.331000000 AM,parsec.blackscholes,23055362400,11527687800,610.562,337.593,17394.448,45.166,12.32,4174.465,139.502,0.046,0.051
3/28/2019 2:22:38.405000000 AM,parsec.blackscholes,23054823800,11527400600,593.941,322.478,17448.918,46.293,100,4174.922,146.533,0.047,0.058
3/28/2019 2:22:43.737000000 AM,parsec.blackscholes,23055303200,11527657600,601.563,324.252,17026.726,44.847,74.881,4173.883,141.778,0.049,0.062
3/28/2019 2:22:48.795000000 AM,parsec.blackscholes,23055155400,11527574400,564.825,294.788,16695.457,42.665,66.717,4174.039,131.179,0.045,0.051
3/28/2019 2:22:54.264000000 AM,parsec.blackscholes,23055155400,11527574400,564.825,294.788,16913.123,40.632,12.64,4174.047,125.854,0.047,0.051
3/28/2019 2:22:59.587000000 AM,parsec.blackscholes,23055239800,11527602600,566.305,300.936,17684.441,41.135,89.12,4172.961,125.973,0.046,0.051
3/28/2019 2:23:04.904000000 AM,parsec.blackscholes,23055398600,11527690000,554.427,282.539,17620.006,42.564,67.84,4175.137,124.765,0.043,0.049
3/28/2019 2:23:09.932000000 AM,parsec.blackscholes,23055402200,11527682000,548.116,285.577,17090.952,38.798,13.6,4165.598,122.664,0.045,0.054
3/28/2019 2:23:15.239000000 AM,parsec.blackscholes,23055402200,11527682000,548.116,285.577,17150.205,39.014,91.837,4174.23,92.881,0.046,0.053
3/28/2019 2:23:20.287000000 AM,parsec.blackscholes,23055334200,11527664000,525.756,273.976,17878.04,36.686,60.16,4174.203,113.092,0.048,0.058
3/28/2019 2:23:25.306000000 AM,parsec.blackscholes,23053726400,11526856000,515.922,257.096,17103.496,37.607,59.201,4174.996,105.507,0.042,0.047
3/28/2019 2:23:30.402000000 AM,parsec.blackscholes,23053786800,11526882000,538.689,275.492,17799.113,38.051,12.32,4173.656,110.795,0.048,0.057
3/28/2019 2:23:35.487000000 AM,parsec.blackscholes,23053786800,11526882000,538.689,275.492,17672.518,34.28,83.361,4174.504,98.624,0.046,0.057
3/28/2019 2:23:40.699000000 AM,parsec.blackscholes,23055149000,11527570400,486.544,239.819,17703.368,35.165,59.359,4173.805,98.002,0.047,0.058
3/28/2019 2:23:45.787000000 AM,parsec.blackscholes,23055128600,11527546600,494.249,259.732,16978.099,37.621,15.84,4174.133,103.992,0.049,0.06
3/28/2019 2:23:50.893000000 AM,parsec.blackscholes,23054995400,11527476200,507.216,264.124,16662.159,35.167,66.238,4171.191,101.782,0.046,0.06
3/28/2019 2:23:56.153000000 AM,parsec.blackscholes,23054995400,11527476200,507.216,264.124,17836.684,36.005,60.16,4173.66,76.365,0.045,0.057
3/28/2019 2:24:01.365000000 AM,parsec.blackscholes,23053785400,11526878800,491.697,238.274,17474.871,31.287,32.16,4172.514,86.585,0.043,0.049
3/28/2019 2:24:06.420000000 AM,parsec.blackscholes,23054877800,11527436400,457.965,225.213,17193.297,31.008,36.4,4172.633,82.838,0.045,0.055
3/28/2019 2:24:11.441000000 AM,parsec.blackscholes,23054877800,11527436400,457.965,225.213,17392.301,30.385,36.72,4172.676,78.827,0.046,0.058
3/28/2019 2:24:16.796000000 AM,parsec.blackscholes,23055233800,11527597800,466.426,223.836,18261.157,31.014,14.08,4172.594,71.221,0.045,0.057
3/28/2019 2:24:22.083000000 AM,parsec.blackscholes,23055326000,11527652800,435.748,205.657,16865.546,30.833,71.361,4174.148,80.958,0.041,0.052
3/28/2019 2:24:27.127000000 AM,parsec.blackscholes,23054960400,11527475800,466.707,216.69,16998.546,28.899,10.72,4173.578,76.485,0.045,0.053
3/28/2019 2:24:32.385000000 AM,parsec.blackscholes,23055103000,11527546800,455.768,216.566,18149.97,29.374,61.278,4173.648,72.848,0.045,0.056
3/28/2019 2:24:37.427000000 AM,parsec.blackscholes,23055233000,11527610500,445.839,215.029,18220.878,29.995,56.48,4172.664,54.618,0.045,0.055
3/28/2019 2:24:42.802000000 AM,parsec.blackscholes,23055011400,11527487800,433.023,200.022,16562.813,27.416,49.281,4173.715,69.975,0.045,0.057
3/28/2019 2:24:48.091000000 AM,parsec.blackscholes,23055011400,11527487800,433.023,200.022,17180.067,28.052,13.6,4172.723,70.898,0.045,0.055
3/28/2019 2:24:53.206000000 AM,parsec.blackscholes,23055344000,11527668200,441.637,209.008,17091.507,26.94,51.52,4171.633,61.51,0.045,0.055
3/28/2019 2:24:58.414000000 AM,parsec.blackscholes,23055194400,11527597000,425.288,203.211,17168.458,26.826,52.32,4172.375,64.273,0.048,0.06
3/28/2019 2:25:03.599000000 AM,parsec.blackscholes,23055282800,11527621200,438.207,192.542,17423.637,26.999,58.4,4172.145,61.529,0.048,0.056
3/28/2019 2:25:08.924000000 AM,parsec.blackscholes,23055282800,11527621200,438.207,192.542,17505.732,25.4,49.6,4173.344,61.902,0.044,0.058
3/28/2019 2:25:14.111000000 AM,parsec.blackscholes,23055346000,11527664400,410.082,180.341,17427.237,25.177,50.879,4171.738,58.492,0.048,0.056
3/28/2019 2:25:19.361000000 AM,parsec.blackscholes,23055150800,11527573200,391.075,175.352,15980.032,24.653,36.321,4170.855,41.115,0.048,0.06
3/28/2019 2:25:24.647000000 AM,parsec.blackscholes,23055217600,11527596400,397.047,181.382,16998.369,23.358,51.68,4172.578,57.147,0.043,0.052
3/28/2019 2:25:29.743000000 AM,parsec.blackscholes,23055217600,11527596400,397.047,181.382,16924.494,23.844,51.52,4172.516,52.888,0.049,0.064
3/28/2019 2:25:34.778000000 AM,parsec.blackscholes,23055312400,11527668200,391.2,162.14,17238.033,23.173,50.4,4171.254,47.238,0.044,0.055
3/28/2019 2:25:39.898000000 AM,parsec.blackscholes,23052599800,11526291800,404.584,181.294,17262.15,23.245,51.52,4171.105,48.136,0.045,0.056
3/28/2019 2:25:45.061000000 AM,parsec.blackscholes,23055120600,11527555600,393.051,181.291,16964.373,23.54,48.159,4171.586,54.39,0.047,0.062
3/28/2019 2:25:50.092000000 AM,parsec.blackscholes,23055120600,11527555600,393.051,181.291,17579.255,24.077,48.161,4173.047,50.502,0.042,0.052
3/28/2019 2:25:55.085000000 AM,parsec.blackscholes,23053333600,11526650000,374.735,162.971,17906.418,23.245,53.438,4173.762,48.155,0.043,0.053
3/28/2019 2:26:00.256000000 AM,parsec.blackscholes,23055257800,11527620000,399.625,177.098,16135.555,22.994,50.881,4171.379,46.514,0.051,0.059
3/28/2019 2:26:05.445000000 AM,parsec.blackscholes,23055257800,11527620000,399.625,177.098,16900.479,23.215,45.441,4171.527,37.531,0.045,0.052
3/28/2019 2:26:10.809000000 AM,parsec.blackscholes,23055210200,11527594000,391.172,173.5,15047.38,19.569,50.08,4173.238,44.099,0.048,0.059
3/28/2019 2:26:15.818000000 AM,parsec.blackscholes,23055209800,11527592200,276.811,62.917,10450.049,9.174,15.2,4170.086,2.195,0.048,0.067
3/28/2019 2:26:21.038000000 AM,parsec.blackscholes,23055149000,11527572400,257.676,51.047,9409.547,9.044,29.12,4171.227,2.11,0.041,0.05
3/28/2019 2:26:26.066000000 AM,parsec.blackscholes,23055149000,11527572400,257.676,51.047,10140.318,7.967,13.76,4172.566,2.25,0.047,0.054
3/28/2019 2:26:31.121000000 AM,parsec.blackscholes,23054813000,11527414200,272.636,51.254,10597.68,8.8,43.041,4172.566,1.363,0.045,0.063
3/28/2019 2:26:36.218000000 AM,parsec.blackscholes,23053707000,11526853600,266.17,48.54,10749.451,9.038,40.639,4171.598,1.948,0.044,0.061
