66.97%,15.16%,14.04%,3.55%,0.19%,BW,MEM_BW,switch,cpu,io,memory,network,latency90,range,date
-2.112835635679151,4.564816941625135,6.345744715263252,0.04370297592591788,-0.4713963702938159,99.21799999999999,63.838,10311.552,17.725,992.488,3287.738,35.181,0.376,all,2019-03-28 09:48:08.021
-1.8058941639569819,2.5465698546068833,-0.053971420367746624,-0.28585559628878815,-0.24668314496725738,288.26599999999996,122.176,12621.605,19.453,201.438,3301.961,30.495,0.33299999999999996,all,2019-03-28 09:48:13.380
-1.5112246874964081,2.0374174125654543,-1.292702860432661,-0.021728748697297264,0.01928295692012576,456.551,176.774,12422.071000000002,21.858,45.599,3303.863,35.454,0.316,all,2019-03-28 09:48:18.912
-1.6686275554448347,1.7579337425921784,-1.2533801496763397,-0.07141861970514785,-0.04343816262249541,428.664,160.654,12165.086000000001,19.95,39.361999999999995,3327.445,33.865,0.306,all,2019-03-28 09:48:24.026
-1.5198411551477262,2.5692510612734916,-0.18482895120109677,-0.11347637257833183,0.018301732598300965,428.664,160.654,12604.382,20.012,189.919,3291.152,30.148000000000003,0.324,all,2019-03-28 09:48:29.299
-1.3552594528367305,2.016684624229208,-1.3224760234442305,-0.4208644223432392,0.002575192628836051,460.361,165.612,13674.542,22.553,44.159,3313.3790000000004,36.349000000000004,0.368,all,2019-03-28 09:48:34.535
-1.6145759781180336,2.209921422409199,0.6757644594134916,0.03593610663093111,0.04572558086524817,445.19,163.351,11532.532,20.498,274.08299999999997,3333.328,31.134,0.331,all,2019-03-28 09:48:39.760
-1.6483426078089907,2.1340314445469564,-1.2490896142174768,0.07530672382823396,0.045807892021424684,445.19,163.351,12044.666000000001,20.062,52.64,3296.074,25.142,0.332,all,2019-03-28 09:48:44.924
-1.272924976927567,1.9840496256588054,-1.2617012005638097,-0.6923646175422342,0.06922627897028291,484.361,168.303,14482.973,19.425,51.998999999999995,3322.91,31.188000000000002,0.32799999999999996,all,2019-03-28 09:48:50.612
-1.4960116656850562,2.409553481420045,0.045765490010763084,-0.10751017415810457,0.09708264139123195,458.538,169.018,12430.732,20.244,211.045,3307.5040000000004,25.956,0.33399999999999996,all,2019-03-28 09:48:55.878
-1.7140010404509587,1.6064018524935753,-1.1175198801279755,-0.1387770258749791,-0.016736119561017348,428.67400000000004,154.787,12136.876,19.715,49.6,3343.355,27.239,0.326,all,2019-03-28 09:49:01.380
-1.5261762082125345,2.278056235959938,-0.05071079661612891,-0.33507523924139043,0.011054925890630294,428.67400000000004,154.787,12953.457,18.847,195.998,3320.805,28.680999999999997,0.358,all,2019-03-28 09:49:06.703
-1.648585733856262,1.7779145434769674,-1.1436483380648363,0.019059074330494162,0.0018261569723710077,453.829,158.304,11916.981000000002,20.956,52.48,3326.008,32.624,0.341,all,2019-03-28 09:49:11.925
-1.6481331440870504,1.6038150726453169,-1.1727370343737495,-0.26070851836093273,-0.03072901562034497,432.759,149.832,12559.338,20.371,44.16,3344.895,29.449,0.303,all,2019-03-28 09:49:16.956
-1.718553582051905,2.007298120411164,0.04151215270590518,0.21496573746307018,0.12757504198862482,459.30300000000005,169.69,11021.034,20.839000000000002,193.921,3330.535,19.05,0.319,all,2019-03-28 09:49:21.994
-1.6741826463136718,1.6493309700820087,-1.0862037976926955,0.015788539067566165,0.04185912809074997,459.30300000000005,169.69,11798.221000000001,19.689,54.56,3336.863,29.013,0.345,all,2019-03-28 09:49:27.037
-1.7029688511158456,1.872900863477375,-1.167270775604354,0.035267283245408565,0.03611891687075291,450.87300000000005,160.1,11893.118,18.383,52.798,3318.32,26.429000000000002,0.305,all,2019-03-28 09:49:32.369
-1.9014014564654567,1.8699720173938148,-0.49516472667507183,0.34015467618110434,-0.012188576894599791,420.30800000000005,148.024,10567.611,19.414,126.085,3327.2070000000003,26.223000000000003,0.355,all,2019-03-28 09:49:37.717
-1.6797745104684088,2.3201985941478993,0.7086551844710437,0.005623368087843131,0.01822910832456721,420.30800000000005,148.024,11586.32,20.320999999999998,281.125,3327.066,26.361,0.302,all,2019-03-28 09:49:42.750
-1.5897606415893675,1.9441831894810924,-1.2032236648055847,-0.16441904658215373,0.01690407817778846,448.288,155.179,12616.18,20.03,52.638999999999996,3316.461,28.174,0.34700000000000003,all,2019-03-28 09:49:47.965
-1.5861453925801692,2.0131170031645613,-1.201040858050931,0.10917442763339874,0.04058164933541704,464.085,170.68099999999998,11931.044,21.428,54.24,3304.895,32.525,0.408,all,2019-03-28 09:49:53.056
-1.5745093448941028,2.307914990260372,1.2284246468183526,-0.09187440092875764,0.09807748056720907,462.064,160.641,11801.722,18.276,341.28,3340.8590000000004,27.635,0.355,all,2019-03-28 09:49:58.259
-1.4939408231919056,1.7629158921656123,-1.1524091540473371,-0.3138282833119553,0.023551873138138005,462.064,160.641,12990.068000000001,21.523000000000003,53.44,3333.934,31.115,0.314,all,2019-03-28 09:50:03.269
-1.6564260049753239,1.8217361321669883,-1.1524917584958028,0.06529695389419515,0.07136185894544851,464.501,165.584,11818.055,20.714000000000002,52.96,3321.395,24.996,0.32,all,2019-03-28 09:50:08.529
-1.5458630319500033,2.7970738229865604,1.2741413244856372,0.14412573087743594,0.09880266399223751,451.876,160.039,11490.934,21.256,362.39300000000003,3300.1409999999996,27.649,0.314,all,2019-03-28 09:50:13.703
-1.7133610938869186,1.6542410338462405,-1.1327429865469354,-0.10676154079075144,-0.019421102551748223,431.801,157.245,12097.296,18.79,49.441,3338.73,29.346,0.34,all,2019-03-28 09:50:18.955
-1.6373025551380183,1.9397748217559911,-1.178432987111613,-0.1339887846596435,-0.01665159499463081,431.801,157.245,12468.579,19.098,54.72,3316.941,30.211,0.33,all,2019-03-28 09:50:24.170
-1.445118938674293,2.147639297152876,-0.01100404093044217,-0.33414906248192755,0.04331965622200549,451.356,163.024,12938.88,21.413,196.641,3330.762,30.526999999999997,0.32,all,2019-03-28 09:50:29.468
-1.6761829693926389,1.8107858114696946,-1.1421730267044445,0.14370342546187417,0.027846010782668743,453.52099999999996,168.269,11569.802,21.236,53.117,3320.781,30.494,0.354,all,2019-03-28 09:50:34.911
-1.5865324460372152,1.6703166181801983,-1.0205201716449386,-0.1774122714953315,0.010602912040488393,453.52099999999996,168.269,12411.083999999999,20.06,64.003,3340.93,32.841,0.33299999999999996,all,2019-03-28 09:50:40.024
-1.5950390780153567,2.0272620446377934,-1.2210196730617071,-0.12898623255765135,-0.011533807444835986,432.441,157.453,12570.336000000001,20.703000000000003,53.12,3309.23,29.924,0.371,all,2019-03-28 09:50:45.540
-1.2674455259931898,2.706509572126823,1.1241233060280378,-0.570308635151397,0.05994750621514258,442.96,161.44899999999998,13739.292,21.775,346.87800000000004,3319.055,30.928,0.311,all,2019-03-28 09:50:50.830
-1.6923917665666173,1.508525091561575,-1.0171802628037367,-0.0838004908311644,-0.01644048096607636,446.039,154.73,11912.882,20.628,57.6,3351.32,31.776999999999997,0.316,all,2019-03-28 09:50:56.202
-1.5506449728050848,2.0780387096614743,0.02407986815351029,-0.16078378578382763,0.006179457663598941,446.039,154.73,12286.648000000001,20.989,196.71900000000002,3333.176,33.696999999999996,0.348,all,2019-03-28 09:51:01.457
-1.5400428756384696,1.647061956979493,-1.1916561803143364,-0.1797018713671408,0.02382080620939703,462.61,178.239,12524.934,20.288,44.161,3338.68,34.65,0.31,all,2019-03-28 09:51:06.679
-1.533716305325001,1.6480081545387615,-0.8276754214352939,-0.2735282294708769,-0.03780769746037512,442.93699999999995,157.843,12625.393,23.011999999999997,85.59899999999999,3348.91,36.685,0.336,all,2019-03-28 09:51:12.041
-1.472147946897371,2.3703202673898356,-0.18317486352346857,0.036520142060803486,-0.01831499527981787,450.41,165.705,12118.652,22.947,182.88099999999997,3302.098,43.038000000000004,0.308,all,2019-03-28 09:51:17.418
-1.2741842228742963,1.9613441564447844,-1.232709464899958,-0.4729462617441483,0.0038833925994849563,461.594,179.513,13836.431999999999,24.365,53.118,3320.2459999999996,39.666,0.34299999999999997,all,2019-03-28 09:51:22.845
-1.2760508582842414,1.6139790432791832,-1.060644882639898,-0.5466218352430336,0.027934629635031127,480.173,183.298,13743.32,24.114,61.121,3351.27,39.885999999999996,0.35100000000000003,all,2019-03-28 09:51:28.459
-1.60111522437346,2.033901910340753,-0.4927404188279889,0.04544231420029857,0.03368331246790204,445.037,171.752,11830.631000000001,21.721999999999998,135.363,3320.488,30.930999999999997,0.309,all,2019-03-28 09:51:33.679
-1.3319931266228784,1.928102535852424,-1.2105190166428839,-0.3778298725191074,-0.08136744472709075,445.037,171.752,13478.828000000001,24.378,53.43899999999999,3321.41,48.61600000000001,0.34700000000000003,all,2019-03-28 09:51:38.731
-1.2276885361248249,1.8329486266808748,-0.9544272931032665,-0.4779299373092442,-0.012905646791709566,465.332,181.71599999999998,13703.971000000001,27.095,80.482,3335.711,44.443999999999996,0.318,all,2019-03-28 09:51:43.835
-1.0608230154864997,1.5681203876972458,-0.9284796459357041,-0.22075977270275882,-0.006744332315154066,523.5409999999999,221.601,13043.61,29.912,74.559,3348.762,67.514,0.38,all,2019-03-28 09:51:49.041
-0.986635788127867,2.738129558775724,1.020231067109985,-0.15734788032067992,0.047362409223191446,513.2919999999999,204.89,13031.038,27.845,336.472,3303.191,62.963,0.41600000000000004,all,2019-03-28 09:51:54.487
-0.9230702391472717,1.961846811573507,-1.238851506745387,-0.4389007886471173,-0.06162440522389944,513.2919999999999,204.89,14167.195,30.256999999999998,54.56,3317.5159999999996,71.664,0.317,all,2019-03-28 09:51:59.737
-1.0528498162694793,1.5763627341680404,-1.149985627950836,-0.5754829747497762,0.0015643512864258928,504.351,205.892,14091.569,28.15,51.202,3351.652,56.13,0.353,all,2019-03-28 09:52:05.026
-0.9148430002708033,2.028886856844809,-0.44525357565122603,-0.38387403382249224,0.0042848641637653895,516.851,217.88,13777.749,31.15,146.882,3328.48,66.579,0.369,all,2019-03-28 09:52:10.468
-0.8943953144572663,1.73800629769597,-1.0327181446954457,-0.7200729463782398,0.04916262307991675,516.851,217.88,14731.345,29.822,71.839,3344.813,54.909,0.34700000000000003,all,2019-03-28 09:52:15.858
-0.6017649448375084,2.078919421470159,0.09195284993067598,-0.7256130662778125,0.0800457915497663,551.872,251.783,14921.903999999999,32.299,213.361,3342.813,71.957,0.342,all,2019-03-28 09:52:21.407
-0.8110040169123779,1.690395429952298,-1.0680108879132877,-0.1514933997575702,-0.18326497416686607,523.54,228.29,13266.581,36.74,63.678999999999995,3334.133,101.302,0.33299999999999996,all,2019-03-28 09:52:26.708
-0.6009107919304454,1.2804019040636394,-1.1797705031956327,-0.36213469697635203,0.08063426267020697,593.308,289.074,13871.703000000001,37.626,40.001,3365.223,84.458,0.344,all,2019-03-28 09:52:31.899
-0.1677252149744705,1.8174285430280976,-1.2329362639425943,-0.1082540297316912,-0.2157173719329648,608.062,297.572,14067.591999999999,46.768,53.43899999999999,3316.809,146.895,0.389,all,2019-03-28 09:52:37.471
-0.08660977767535187,1.764029683468066,-0.5025308437127755,-0.37726190519124797,-0.04601394448018164,628.716,317.197,14590.483,45.891999999999996,136.637,3342.316,128.19799999999998,0.33799999999999997,all,2019-03-28 09:52:42.826
-0.05724720174892595,1.1740443444699953,-1.124980489318878,0.38220069066893814,0.012917897648592618,716.1569999999999,388.47900000000004,12454.659,48.152,43.202,3353.855,153.923,0.36200000000000004,all,2019-03-28 09:52:48.410
0.0904322896898264,1.3087097896755546,-0.49752419381115687,0.33333214775740017,-0.017158565010015284,716.1569999999999,388.47900000000004,12595.833,53.083999999999996,119.993,3358.133,162.004,0.335,all,2019-03-28 09:52:54.029
-0.0057361987499491085,1.0460408684555982,-1.072769267621854,0.1785536605129494,0.20767235562965738,726.19,407.82599999999996,12936.448,50.918,46.242,3368.6479999999997,125.61399999999999,0.361,all,2019-03-28 09:52:59.651
0.42096264881383166,1.9739114456371158,1.159793993020402,-0.18695345657178503,0.03933721137071207,718.0980000000001,397.791,14234.83,52.431999999999995,335.524,3355.836,162.36700000000002,0.345,all,2019-03-28 09:53:05.234
0.06143290750205147,0.9361401522144863,-1.0849928586655175,0.5110617427891576,-0.020050619178093153,739.043,411.06800000000004,12070.351,52.276,39.68,3368.652,170.47,0.337,all,2019-03-28 09:53:10.643
0.23726480301448677,1.6365773662783993,-1.1495832772182046,0.4608294101003164,0.04393470242963639,739.043,411.06800000000004,12888.12,55.166000000000004,57.92100000000001,3315.824,162.576,0.35200000000000004,all,2019-03-28 09:53:15.776
-0.20310446916475233,1.2152146204473044,-0.4719983879408943,2.3211831548520374,-0.031855811970210444,784.688,459.577,6837.274,59.41,109.598,3320.119,201.583,0.358,all,2019-03-28 09:53:21.322
1.1194847831917196,1.6924348515145196,-0.46499586982658864,0.23458383411993755,-0.5189698334622023,755.947,433.968,14298.934,72.609,142.567,3328.531,276.215,0.371,all,2019-03-28 09:53:26.833
1.4244640537446869,1.057515008198863,-0.8909733512582703,0.4903653047589627,0.06409662787442867,932.837,591.753,13794.399,70.54899999999999,75.516,3357.07,252.097,0.408,all,2019-03-28 09:53:32.234
2.32262085398833,1.1730947131208516,0.07054468592257825,0.5033500801344468,-7.429911937590752e-05,1013.432,691.294,14517.622,89.81700000000001,194.07,3364.7659999999996,312.881,0.466,all,2019-03-28 09:53:37.703
2.5847290546994897,0.9342265647768634,-1.0669576895912536,0.45355460914534357,-0.04716585721569808,1080.661,727.077,15281.402,87.32700000000001,59.045,3357.25,343.256,0.366,all,2019-03-28 09:53:43.060
2.6583947236417376,1.4673263840069912,0.15268140603401112,0.7551043871474715,-0.1085739244559327,1080.661,727.077,14459.265,89.78200000000001,214.88299999999998,3337.262,361.02,0.395,all,2019-03-28 09:53:48.226
2.8707528961756212,0.8466444510523191,-1.0413288583280174,0.43893119260707986,-0.026886348662042946,1118.69,773.1510000000001,15600.008,91.539,60.961000000000006,3363.07,360.45099999999996,0.37200000000000005,all,2019-03-28 09:53:53.481
3.175594798682167,1.0619887835681785,-1.253021122938317,0.5354735675927864,-0.015826083282476793,1166.07,828.935,15965.532,91.76799999999999,46.24,3338.6290000000004,384.96,0.366,all,2019-03-28 09:53:58.726
3.069133074749154,1.8582607030893539,2.631775474511477,0.8313724272354369,-0.12917594317056277,1134.638,785.9689999999999,14135.95,91.102,512.318,3358.699,402.504,0.38,all,2019-03-28 09:54:04.313
2.88178818970065,1.1383444904591773,-1.1937008036098582,0.4419322551904492,0.06305526731116357,1134.638,785.9689999999999,15888.329,86.99600000000001,54.24,3337.902,352.565,0.382,all,2019-03-28 09:54:09.809
2.273909359097425,0.8592219828972241,-1.0388196971272854,0.5170613887205572,-0.0071632630315347084,1039.871,698.135,14661.733999999999,84.913,57.28,3363.4840000000004,317.887,0.387,all,2019-03-28 09:54:15.112
2.933385516911348,1.0508910369288882,0.9229553207782775,0.7142389303797224,0.10411177925035857,1144.974,815.447,14356.208999999999,92.97,290.56,3383.8979999999997,361.055,0.40399999999999997,all,2019-03-28 09:54:20.456
2.8041575966945707,0.7318767263876333,-0.8728945903443783,0.6651149378970472,0.32378964107852204,1164.489,820.7080000000001,14771.271999999999,92.494,75.68,3369.547,321.23400000000004,0.45,all,2019-03-28 09:54:26.001
3.176780288205949,1.288162065738046,0.21245219979889557,0.4235959082791927,0.11100748014131209,1164.489,820.7080000000001,15857.116000000002,93.382,221.03900000000002,3356.4390000000003,365.289,0.41700000000000004,all,2019-03-28 09:54:31.354
2.754811295231978,0.48705973013495363,-0.890707225275836,0.9642917114151467,-0.0412454462096339,1142.765,791.4119999999999,13752.393,93.93299999999999,62.72,3381.051,372.973,0.376,all,2019-03-28 09:54:36.616
3.018376304924929,1.0577901628127389,0.3711929948375803,0.6856942043397788,0.19562904498305717,1174.46,841.7689999999999,14766.606000000002,91.15700000000001,229.275,3371.34,357.12699999999995,0.364,all,2019-03-28 09:54:41.980
2.865377043973834,0.4452262813005408,-0.10572097684988925,0.76186623408128,0.055895641277232615,1151.191,819.543,14118.598999999998,93.994,152.16,3405.336,366.245,0.369,all,2019-03-28 09:54:47.189
3.2483587411923764,0.5827877219185703,-1.0459011723027618,0.12045276118719471,-0.03439065586611327,1156.075,822.2810000000001,16748.582,94.697,55.201,3387.961,381.80699999999996,0.368,all,2019-03-28 09:54:52.482
2.8738403437716067,-0.12353607607644304,-0.7300268157282597,0.5243643501700354,0.006391963967286246,1153.521,834.324,14643.576000000001,91.05799999999999,62.72,3439.219,374.019,0.39,all,2019-03-28 09:54:57.708
3.1606623010557664,0.515024461912657,1.01365459526446,0.39518484181070906,-0.08172259947111842,1153.521,834.324,15116.388,93.639,284.801,3432.035,398.24300000000005,0.35200000000000004,all,2019-03-28 09:55:02.853
3.002709041636323,0.27411793128498707,-0.9382397985007432,0.40204430379631173,0.15769103953043262,1172.104,843.331,15462.593,92.023,54.56,3407.305,355.464,0.425,all,2019-03-28 09:55:08.256
2.797935137084131,0.00650238411876936,-0.7677048091284133,0.36291636228322105,0.2498246264021026,1148.629,828.462,15052.396999999999,92.76799999999999,63.52,3432.625,328.161,0.387,all,2019-03-28 09:55:13.761
3.333763120130947,1.2394739363608553,1.8466794474965171,0.29894071466431554,-0.016367216473723634,1161.877,835.3560000000001,15763.401000000002,93.458,406.082,3398.1209999999996,395.19199999999995,0.385,all,2019-03-28 09:55:19.047
3.212148468718254,0.009437007085188708,-0.7455912692200724,-0.022776797311265418,-0.0410412570318884,1161.877,835.3560000000001,16612.705,93.01700000000001,69.92,3440.3320000000003,385.254,0.355,all,2019-03-28 09:55:24.367
3.0683592269598456,-0.07612810856578243,-0.7451068569798871,0.39079600034673867,0.048890717775347675,1181.035,846.794,15268.726999999999,93.73100000000001,64.632,3437.441,376.985,0.4,all,2019-03-28 09:55:30.009
3.23804483995306,0.9086341709782224,3.4691383473871538,0.29170266621839186,-0.017145691572741477,1153.9080000000001,834.913,14845.818000000001,93.56700000000001,578.141,3458.656,396.02099999999996,0.37799999999999995,all,2019-03-28 09:55:35.294
3.1639229481216438,-0.04890714459668061,-0.6898814695622895,0.22041905325172226,-0.14965494442893515,1153.9080000000001,834.913,15842.43,93.76899999999999,72.6,3440.563,402.57199999999995,0.405,all,2019-03-28 09:55:40.681
2.9373664083793254,0.23198356916413543,-0.8728972950657349,0.8058974493041969,0.033584522019446804,1173.391,840.2539999999999,14245.395,93.61,58.111999999999995,3402.8590000000004,377.778,0.396,all,2019-03-28 09:55:46.029
2.715076602167097,-0.03402191430357113,-0.7859822343736631,0.14532121383841165,0.4710902774888921,1157.271,821.7139999999999,15505.296999999999,91.772,60.96,3440.3709999999996,288.759,0.36200000000000004,all,2019-03-28 09:55:51.214
3.014372940338499,0.4247423601727181,0.6130080930866589,0.5590931367123281,-0.06291368524685956,1151.274,824.69,14585.688999999998,92.70100000000001,234.64,3426.7729999999997,390.501,0.38299999999999995,all,2019-03-28 09:55:56.562
2.7894106189680996,-0.06538328271919179,-0.8243576729091886,0.4443844328758878,0.14461002070000442,1151.274,824.69,14814.919,91.00299999999999,54.081,3434.961,346.339,0.39,all,2019-03-28 09:56:01.847
2.9591652186643618,0.10262344468542373,-0.6675099626721556,0.5861518532971174,-0.11121077158223375,1160.205,825.311,14722.618,90.321,77.76,3422.199,396.249,0.38,all,2019-03-28 09:56:07.045
2.721749312476737,0.31417668552529887,1.1427606669025758,0.15965530410498677,-0.0273497911636444,1103.835,765.814,15032.052,86.98200000000001,290.711,3457.414,357.86300000000006,0.385,all,2019-03-28 09:56:12.368
2.492192253444216,0.22222882459362292,-0.006226525057250832,0.25073477175704045,-0.013616509335028504,1068.4160000000002,738.29,14840.749,87.94,155.043,3438.1479999999997,335.65,0.37,all,2019-03-28 09:56:17.511
2.6153659315250812,-0.24305889490339333,-0.7170806988547574,-0.06571368439524396,-0.08664249710974267,1094.894,732.784,15807.687,87.04299999999999,60.481,3463.781,349.83,0.442,all,2019-03-28 09:56:22.827
2.463713050348969,-0.026537908907336302,-0.7151738634845239,0.37222671840693633,-0.13219533011636617,1069.088,734.408,14581.489,87.98299999999999,65.065,3438.453,352.941,0.387,all,2019-03-28 09:56:28.138
2.3168819885385696,0.7661016437462703,1.1741466643153464,0.18991769446847656,0.362708695859537,1069.088,734.408,14710.871000000001,84.906,307.778,3425.559,273.572,0.355,all,2019-03-28 09:56:33.202
2.5862539283644024,-0.21862608706530637,-0.3262965402590078,-0.04009503066412599,0.019511494202383815,1099.327,770.931,15612.163999999999,82.462,105.76,3469.863,341.955,0.38299999999999995,all,2019-03-28 09:56:38.535
2.4890103836051085,-0.028116288036147283,-0.7573403445031778,-0.06896829886682372,-0.055544469569919805,1058.453,722.931,15811.282,85.897,62.398999999999994,3447.805,332.991,0.384,all,2019-03-28 09:56:43.707
2.4688573571771335,0.5749300410927272,0.5513097238661773,0.08652448924507583,0.014486009976916906,1059.0339999999999,721.96,15301.212,83.652,231.19099999999997,3428.281,327.416,0.384,all,2019-03-28 09:56:48.861
2.226104230277304,-0.35215316783795625,-0.5616112700638146,-0.06014028020372505,0.08484385191434242,1059.0339999999999,721.96,15204.458,80.244,72.163,3476.824,306.387,0.366,all,2019-03-28 09:56:53.875
2.3955184375533527,0.42285027898170363,1.395574197771721,0.02556632174893865,0.0008923108312100118,1061.787,705.791,14972.968,81.658,321.60400000000004,3459.758,328.36800000000005,0.396,all,2019-03-28 09:56:59.108
1.9331435189248682,0.0008727787040678584,-0.7307868466023276,0.2103308922187465,-0.09199023546396891,981.921,664.703,14386.249,80.752,61.278,3442.684,305.427,0.392,all,2019-03-28 09:57:04.332
1.9118125743913534,0.14213229699736105,-0.6197189857189976,0.03954420686403817,-0.09504339822306584,985.5160000000001,643.786,14894.856000000002,76.365,79.52199999999999,3438.801,302.83299999999997,0.395,all,2019-03-28 09:57:09.581
1.5883149489164767,0.13534955740548132,0.6565947235723673,-0.19267717230970707,0.3934491651641207,985.5160000000001,643.786,14645.485,71.493,224.165,3473.492,218.488,0.344,all,2019-03-28 09:57:14.616
1.9166763608826576,-0.14589575068770622,-0.6199743288753264,-0.22483252644159427,-0.08745719671379258,972.8489999999999,635.562,15399.421,78.075,70.559,3466.258,294.4,0.36200000000000004,all,2019-03-28 09:57:20.236
1.5500826737064595,-0.21178281209199518,-0.6577313054002155,0.2625734981590795,-0.046957006155384576,959.645,618.835,13618.958999999999,75.39,59.68,3460.6020000000003,279.558,0.366,all,2019-03-28 09:57:25.443
1.6050469671387286,-0.16877201546431064,-0.7825873754343408,-0.011812715638609545,-0.04075729096743922,959.645,618.835,14520.131000000001,71.719,48.641000000000005,3460.8590000000004,277.89799999999997,0.386,all,2019-03-28 09:57:30.663
1.653843762896124,0.8248741178325297,1.5565414076724482,0.24739850159589452,-0.06932660920651289,925.8580000000001,594.8580000000001,13636.546,77.34899999999999,347.20099999999996,3432.574,280.76599999999996,0.37799999999999995,all,2019-03-28 09:57:35.790
1.7778576519273197,-0.39852397235758735,-0.7189909789860301,-0.03015396751976334,-0.030157333687754407,981.177,650.806,14593.076000000001,75.846,49.12,3478.7009999999996,288.408,0.35700000000000004,all,2019-03-28 09:57:41.427
1.7590795216595676,0.3185161998691042,1.1560646375060928,0.1714671284990873,-0.1267510433453667,955.697,606.139,13784.524,78.892,285.281,3462.426,297.974,0.38299999999999995,all,2019-03-28 09:57:46.657
1.7173436869705312,-0.17508426947662808,-0.6015575590697231,-0.015394081569443848,-0.1632725965730625,955.697,606.139,14568.673,76.502,69.279,3465.035,296.529,0.366,all,2019-03-28 09:57:51.650
1.5485516494571876,-0.43013922378852504,-0.6512550993990949,0.020934062419490675,0.3188326034020519,986.9989999999999,651.401,14100.02,76.842,54.72,3481.8909999999996,227.671,0.41700000000000004,all,2019-03-28 09:57:56.989
1.7544863693433226,0.07181131894073464,1.1250810460822884,0.17725113521245017,-0.05359279861186259,981.325,633.2669999999999,13642.309,75.67,273.60200000000003,3479.6209999999996,296.623,0.353,all,2019-03-28 09:58:02.200
1.6814544221311498,0.11998160256111202,-0.7194298056508545,0.1200147099261791,-0.016052613673653626,969.804,624.734,14418.223,73.962,65.76100000000001,3437.414,279.535,0.401,all,2019-03-28 09:58:07.509
1.5985056018851374,0.29705409773606506,1.1831449782909513,-0.03558976214387176,-0.06311074703645563,924.155,594.874,14129.747,74.555,287.517,3470.238,274.931,0.37799999999999995,all,2019-03-28 09:58:12.674
1.5444259032068668,-0.27789134068812077,-0.6036058172740004,0.1770550080153053,-0.005322149567516917,959.836,629.432,13789.205,73.654,64.0,3468.625,274.257,0.39299999999999996,all,2019-03-28 09:58:17.850
1.4177044526215903,0.07768526249183047,-0.6844393001356606,0.1765455045978293,-0.07145597552279952,915.748,593.165,13888.684,72.695,65.92,3441.508,267.277,0.354,all,2019-03-28 09:58:23.181
1.618471655003363,0.3279044401241865,1.5220656542918929,-0.07520718262277637,-0.10281135266637077,915.748,593.165,14155.946000000002,74.613,327.20599999999996,3476.2929999999997,280.472,0.38,all,2019-03-28 09:58:28.447
1.659893470494633,-0.12082402040725626,-0.6236663971293834,-0.10161903684544245,-0.09263631988408311,943.13,618.231,14790.794,73.17399999999999,68.801,3462.7729999999997,283.241,0.391,all,2019-03-28 09:58:33.555
1.4979645859803437,0.0407359609409679,-0.5566694880600348,0.398728032548415,0.2744736295064718,979.817,647.946,13304.988000000001,76.774,79.678,3440.695,235.988,0.38799999999999996,all,2019-03-28 09:58:38.947
1.7618616081392642,0.015221933947782694,0.8598196041967929,0.15610997162958243,0.011389778673907384,979.817,647.946,13760.764,76.672,241.75599999999997,3478.3590000000004,286.91200000000003,0.387,all,2019-03-28 09:58:44.031
1.9445536721197343,-0.2928388632665252,-0.6485917774812417,-0.2730702729399151,-0.07289376269481078,982.325,646.179,15483.743999999999,77.581,62.721000000000004,3477.41,295.911,0.386,all,2019-03-28 09:58:49.649
1.8893786074960672,0.021777019834048037,0.3729395838715464,-0.07446139056393902,-0.043831387826227974,987.5189999999999,642.2330000000001,14726.877,76.03,188.483,3472.086,295.96299999999997,0.375,all,2019-03-28 09:58:54.733
1.8248376161289057,-0.16161490697745545,-0.7473081765341679,0.21934370536142955,-0.03498181665363004,1003.1560000000001,653.212,14149.447,77.117,53.43899999999999,3454.465,297.291,0.382,all,2019-03-28 09:59:00.190
1.8433488373752684,0.1161165656062443,1.4029022251689027,0.2377913651105079,0.032173730592870535,1003.1560000000001,653.212,13506.681,78.183,307.202,3480.3790000000004,293.028,0.40399999999999997,all,2019-03-28 09:59:05.482
1.6958119754481435,-0.22435838245518502,-0.5920074705243438,0.2249260262483486,0.05954794675939206,983.047,668.5269999999999,13883.715,74.997,68.16,3462.8909999999996,278.442,0.379,all,2019-03-28 09:59:10.666
1.776382034192572,0.13495284688738673,-0.8517164590557593,0.41110106774045846,-0.02734714083688233,985.654,650.526,13794.72,78.786,50.56,3426.09,292.03700000000003,0.39899999999999997,all,2019-03-28 09:59:15.995
1.831283435931813,0.023819660923724555,0.5029372327709959,0.0025633356990913073,0.14910333706190965,993.2610000000001,662.987,14386.893,77.655,202.965,3472.941,268.27299999999997,0.365,all,2019-03-28 09:59:21.426
1.8464044973177907,-0.13330406276143,-0.03955938637268694,-0.19235331453880322,0.1716509391699485,993.2610000000001,662.987,15026.704,76.752,136.96,3477.135,261.598,0.364,all,2019-03-28 09:59:26.504
1.761370539300508,-0.22922697606273448,-0.4841847260887192,0.3077331747900649,-0.07470927804387803,983.6439999999999,635.565,13656.963,81.301,79.84,3463.574,295.659,0.366,all,2019-03-28 09:59:31.709
1.7127715439542208,-0.16829787056521214,-0.7354650701332084,0.3237773971881758,-0.12032278030425257,979.52,641.501,13728.365,75.637,53.12,3453.508,303.468,0.363,all,2019-03-28 09:59:36.782
1.8927260423781316,0.49936177159376605,1.139884953262284,0.02695038757520731,0.03227216515011097,979.52,641.501,14480.396999999999,77.22,291.677,3451.152,284.861,0.38799999999999996,all,2019-03-28 09:59:41.882
1.8424302126357603,-0.6220027855139353,-0.5863723277907772,0.017172352543925764,-0.11658780414208082,981.212,646.888,14318.161,81.055,56.318999999999996,3496.801,302.469,0.382,all,2019-03-28 09:59:46.983
1.641514696775778,-0.5427948712034174,-0.7082065998187553,0.18539662664153034,-0.016274663303734595,988.3510000000001,644.683,13752.236,75.06,43.681000000000004,3485.133,285.902,0.35,all,2019-03-28 09:59:52.176
1.6917990079172034,-0.4463063083914013,-0.6349473498147941,0.21727426999668498,-0.10962860730616665,975.998,641.019,13757.368999999999,76.624,55.199,3478.809,299.238,0.381,all,2019-03-28 09:59:57.283
1.7911605987533783,0.4808717668267782,0.6367979670844666,-0.30774162503633595,0.34853498501701413,977.053,647.856,15416.426000000001,75.439,235.363,3449.3979999999997,226.99200000000002,0.377,all,2019-03-28 10:00:02.469
1.7259313522741393,-0.6478178190130277,-0.7066004752863937,0.09388598573880644,-0.016287227672402513,992.836,653.246,14021.177,77.074,41.12,3494.6409999999996,288.557,0.349,all,2019-03-28 10:00:07.741
1.4922444795563885,-0.6273628397039148,-0.5487264621050446,0.12707030153415239,-0.09333586088125097,947.1489999999999,620.884,13603.303,74.014,57.76,3497.199,282.875,0.35100000000000003,all,2019-03-28 10:00:12.811
1.8701544289480116,0.3338015483193975,1.7606247465227407,-0.2686752785510134,-0.07967351793891057,947.1489999999999,620.884,14908.577,75.711,357.124,3484.258,291.904,0.382,all,2019-03-28 10:00:17.920
1.8711545625846104,-0.2086293928495711,-0.6905118857041593,-0.002825327580022969,-0.030526545617354687,999.686,653.7090000000001,14756.546,75.88,59.52,3464.1679999999997,295.313,0.41700000000000004,all,2019-03-28 10:00:23.248
1.5639025234073773,-0.5382215471985826,-0.5287178454629003,0.2765230563501168,-0.10892449803474658,955.825,632.851,13333.362,76.55199999999999,62.879,3487.203,291.589,0.382,all,2019-03-28 10:00:28.757
1.7524058970832126,0.3421790078841483,0.9913526508815186,0.12080192992003506,-0.039925224932676265,955.825,632.851,14011.601,75.735,267.844,3458.152,288.103,0.344,all,2019-03-28 10:00:33.796
1.8087573110348814,-0.002758468193476779,-0.81203432221708,-0.13430564179423488,-0.11694160618407351,951.4069999999999,621.55,15190.046,76.82300000000001,52.479,3450.012,290.82,0.342,all,2019-03-28 10:00:38.889
1.961815570632551,-0.1878981199607157,0.27417523241962777,-0.3322764920104496,-0.10747972450117894,970.7180000000001,625.497,15369.563999999998,80.274,171.203,3491.258,297.438,0.359,all,2019-03-28 10:00:44.118
1.8975734837031242,-0.18859292523163212,-0.06600958213131987,-0.21378825522759065,0.3124620131302777,1017.6189999999999,673.002,15099.961000000001,79.829,132.8,3480.6090000000004,245.05200000000002,0.361,all,2019-03-28 10:00:49.207
1.9313331548202726,-0.3178955469995035,-0.6818327299549592,0.18757621529940416,-0.031203329251942153,1017.6189999999999,673.002,14234.6,79.017,56.32,3467.598,304.561,0.373,all,2019-03-28 10:00:54.443
1.9928543028835828,0.3026443963456441,0.5832375365246529,0.23763577941031555,-0.06743989433767637,1000.921,653.831,14104.688999999998,80.866,221.28099999999998,3448.1409999999996,309.135,0.40299999999999997,all,2019-03-28 10:00:59.648
1.9705256732233214,-0.4651413147918493,-0.6183041527735097,-0.05693051637908871,-0.044862664407878367,1001.6519999999999,664.885,14796.308,81.142,59.519,3485.4770000000003,300.027,0.364,all,2019-03-28 10:01:04.781
1.8232848353995152,-0.45142609372945475,-0.6856829539350018,0.25957595142483036,-0.14335646633053653,994.686,654.981,13819.903,78.558,49.919,3476.438,313.569,0.36700000000000005,all,2019-03-28 10:01:10.089
1.9286194600762823,0.37563219922934526,0.6581687002844692,0.2696255047003716,-0.031843030197108046,994.686,654.981,13968.764,79.139,231.84599999999998,3443.9179999999997,301.881,0.409,all,2019-03-28 10:01:15.315
1.99500756878818,-0.32917072203652126,-0.2906075975615883,-0.06879689768757274,-0.20823125833193576,975.827,648.161,14825.455,81.389,101.117,3483.105,320.066,0.374,all,2019-03-28 10:01:20.629
2.1113935694432073,0.3129254796464023,1.135110723015877,0.134039073425212,-0.043333894666395444,1013.291,676.622,14344.761,80.304,285.607,3461.223,315.01,0.38,all,2019-03-28 10:01:25.756
1.7741141630836021,-0.6194797037003181,-0.7416442966754108,-0.055184094781727436,0.2493067853488784,1019.541,670.0169999999999,14491.538999999999,79.306,39.68,3494.574,252.101,0.37200000000000005,all,2019-03-28 10:01:30.961
2.104030862862175,-0.38556791981139465,-0.6760134267550403,-0.10640058483396952,-0.12098183030900622,1019.541,670.0169999999999,15187.991000000002,79.779,56.8,3478.914,319.9,0.375,all,2019-03-28 10:01:36.223
1.9931650668716856,-0.17437488652720004,0.04719116401505409,0.0068378027407731265,-0.1436057016612735,983.1260000000001,653.091,14597.232,81.634,144.639,3477.188,313.495,0.38,all,2019-03-28 10:01:41.448
2.166690964618033,-0.6683982850583602,-0.5914837026006987,0.13783812780040683,-0.16113729430772122,1035.996,690.97,14370.067,85.03200000000001,55.84,3495.594,335.65,0.35200000000000004,all,2019-03-28 10:01:46.479
2.567800332213012,0.6789630216833066,2.4075220434900584,-0.11894528232965046,-0.13285478661819491,1035.996,690.97,15331.928999999998,87.14,446.397,3465.855,346.25300000000004,0.373,all,2019-03-28 10:01:51.801
2.3939101274869374,-0.713568958542079,-0.4966878105811748,0.05154222127756037,-0.09391859410704814,1075.858,728.757,14824.704,86.435,67.199,3501.688,343.249,0.40299999999999997,all,2019-03-28 10:01:57.073
2.1916020248889874,-0.6227888532260973,-0.5370581930233491,0.259125384271478,-0.10941712390718186,1057.6860000000001,709.072,14101.231000000002,83.986,63.519,3490.297,336.967,0.375,all,2019-03-28 10:02:02.171
2.3492911922717727,-0.49315190218412985,-0.6858393965596769,-0.08594781021661227,-0.18852083586716648,1043.016,694.613,15348.268,85.374,53.282,3484.9959999999996,343.77099999999996,0.38,all,2019-03-28 10:02:07.300
2.2497042396080618,0.21954060245261475,1.0066477674569798,0.022649141490590507,0.2782222187557268,1053.149,703.997,14740.608,88.68299999999999,269.765,3466.656,273.937,0.384,all,2019-03-28 10:02:12.459
2.950088434686284,-0.7587919020167899,-0.6368388293112647,0.2805873593763394,-0.05190402547081707,1173.518,827.072,14923.828000000001,93.54299999999999,52.8,3493.4959999999996,385.03,0.41200000000000003,all,2019-03-28 10:02:17.840
3.124561087087907,0.5667001079109254,3.028155862021241,-0.09831100308896557,0.023456226831726164,1142.114,796.122,15676.165,92.24700000000001,517.252,3483.93,373.00800000000004,0.358,all,2019-03-28 10:02:23.040
2.74492111356164,-0.820072292122446,-0.7146890431815756,0.07826296807294543,0.07201400503250821,1142.114,796.122,15177.771,93.087,41.441,3501.9840000000004,346.296,0.425,all,2019-03-28 10:02:28.441
2.8723840555213282,-0.409441057079868,-0.633866377606395,0.2279764406285078,-0.20422945744090998,1118.188,795.0830000000001,15195.591999999999,92.072,64.32,3469.816,391.57,0.376,all,2019-03-28 10:02:33.705
3.11236556496089,0.13483568381885844,1.9942296143262481,0.015330747398606438,0.07072755672978229,1160.795,822.6139999999999,15448.752,93.757,384.589,3490.426,370.656,0.401,all,2019-03-28 10:02:39.139
2.891251425681374,-0.47816042626072663,-0.6148828964830422,0.2623590864551165,0.029514280985491866,1160.795,822.6139999999999,15077.658000000001,92.211,64.809,3473.91,367.398,0.41,all,2019-03-28 10:02:44.553
2.833176403675503,-0.6959234159427014,-0.5864962323351728,0.19532630529400966,-0.06098096611363593,1145.444,807.173,15031.192,91.635,60.159,3492.633,374.7,0.37200000000000005,all,2019-03-28 10:02:49.874
2.7937205627627213,0.15094017086928407,0.6191821211414524,-0.06121342007897526,0.506866082150542,1148.437,815.683,15744.594,93.475,228.15400000000002,3461.906,283.466,0.434,all,2019-03-28 10:02:55.389
2.356675885238572,-0.41604249363576346,0.1380227168031686,0.7327534591128536,0.02411424014995982,1094.096,776.56,12906.443000000001,90.1,146.619,3477.563,342.36699999999996,0.48,all,2019-03-28 10:03:00.459
2.8021119366516882,-0.534515449815819,-0.46218467910743655,0.3609756386890367,-0.40995882179276505,1094.096,776.56,14610.06,91.741,77.922,3480.3979999999997,417.545,0.4,all,2019-03-28 10:03:05.783
2.996727566234731,-0.2773301113910987,1.392020758276983,0.08188498299461583,-0.060563266083280595,1145.31,810.813,15080.181,93.068,300.644,3506.8979999999997,383.345,0.38,all,2019-03-28 10:03:11.221
2.976652768485169,-0.6923252047234376,-0.6418431664261028,0.2754848808639994,0.01761079344869044,1176.144,846.202,15020.596000000001,93.181,54.88,3488.355,378.034,0.37200000000000005,all,2019-03-28 10:03:16.439
2.9609750258927385,-0.6261433471991177,0.3759273096933462,0.15275388587453373,0.02302369987984198,1164.016,836.612,14997.552,92.616,173.042,3508.719,374.69699999999995,0.401,all,2019-03-28 10:03:21.466
2.8434468155161805,-0.5102777667078447,-0.6015097953897242,0.6042620288878099,-0.028587725324809393,1164.016,836.612,14083.167,92.579,63.36,3468.844,382.156,0.42100000000000004,all,2019-03-28 10:03:26.916
3.0417322291701665,-0.13721059290447288,0.6766881810032345,0.08656309645595585,-0.09005696492731763,1141.563,810.118,15476.77,93.51700000000001,224.47299999999998,3480.652,386.13300000000004,0.391,all,2019-03-28 10:03:32.569
2.7233523246585105,-0.8581015301438589,-0.6937314215087369,-0.2783076803150268,0.4080164174184461,1152.799,818.2510000000001,16069.933,91.697,44.64,3513.18,293.55,0.39799999999999996,all,2019-03-28 10:03:37.805
3.0798532970765646,-0.791277893150775,-0.5246393486044224,0.16602199541743837,-0.10454951667427115,1172.732,845.393,15334.436000000002,93.84200000000001,65.6,3500.48,398.561,0.371,all,2019-03-28 10:03:43.008
2.962634925704807,-0.5051178480563836,1.3645200105788584,-0.02278039390164708,0.09673431730325315,1157.871,820.177,15166.082,94.083,290.23,3525.445,359.394,0.37200000000000005,all,2019-03-28 10:03:48.319
2.9094977743507733,-1.0051175801292422,-0.5485090728371377,0.14082695436990125,-0.03666029098442858,1159.151,828.565,15045.069,93.863,54.562,3517.094,377.555,0.386,all,2019-03-28 10:03:53.570
2.900469157535715,-0.783209873853246,-0.6131442662897846,0.09989324086730418,0.031489077740892324,1159.151,828.565,15321.803,92.181,55.2,3500.215,366.211,0.37799999999999995,all,2019-03-28 10:03:58.792
3.2743554933778616,-0.3883489808623754,1.5934066045222455,-0.17953848388015484,-0.18205537602085697,1162.933,830.28,15989.926000000001,93.554,322.402,3524.402,414.223,0.392,all,2019-03-28 10:04:04.273
2.937244240359707,-1.1648080206234934,-0.3604922202797965,-0.0060240248793589565,0.07823669818383751,1174.721,843.66,15301.192,93.45,71.518,3536.07,364.246,0.381,all,2019-03-28 10:04:09.883
3.4343349898071307,0.26721129355264733,2.7639123979905134,-0.3671956096219744,0.02223631586576148,1174.721,843.66,16685.256999999998,94.28200000000001,480.165,3504.938,390.62300000000005,0.382,all,2019-03-28 10:04:15.190
2.7775387646559,-0.6700098070942994,-0.5783320193735005,0.21184878559764228,0.5457854616896166,1196.884,873.6569999999999,14920.861,92.52,63.04,3489.695,295.56,0.371,all,2019-03-28 10:04:20.301
2.8864904100830393,-1.1128855324711202,-0.5286055129291695,-0.046365718138838975,0.08914106753183655,1166.401,832.8860000000001,15443.216999999999,92.48700000000001,54.07899999999999,3529.77,357.22900000000004,0.39899999999999997,all,2019-03-28 10:04:25.598
2.750908529385995,-0.8382310241243904,-0.6159457538574276,0.22664199376832989,-0.03997770909287118,1135.4160000000002,806.5269999999999,14755.127,92.021,51.2,3502.1479999999997,367.255,0.41,all,2019-03-28 10:04:31.001
2.9407865974761647,-0.8799577023913803,0.5949248599387147,-0.10470178387526431,-0.11932447621775465,1135.4160000000002,806.5269999999999,15402.528999999999,93.037,189.604,3538.684,384.506,0.42,all,2019-03-28 10:04:36.446
2.7870663862030116,-1.1705529224778537,-0.2567026333114318,0.23195505634250213,0.027288383492240508,1162.337,826.3689999999999,14432.518,93.31700000000001,80.96,3534.0229999999997,366.48800000000006,0.38799999999999996,all,2019-03-28 10:04:41.790
3.226454113184344,-0.6901817684112104,1.3670437349638076,-0.24776249804566394,-0.05979527511180548,1170.771,848.4060000000001,15996.44,93.387,286.55400000000003,3543.3320000000003,396.316,0.369,all,2019-03-28 10:04:47.113
3.1009869525208527,-1.208070222860306,-0.46003897941579475,-0.21986291999999047,-0.0908598113134602,1168.101,844.442,16097.066,92.83,60.32,3541.5820000000003,392.195,0.386,all,2019-03-28 10:04:52.430
2.7875794620926593,-1.4228214621465542,-0.4234338977821963,0.1451911796752146,0.08964811709092314,1176.407,836.618,14564.966,92.815,53.92,3550.875,359.601,0.39899999999999997,all,2019-03-28 10:04:57.817
2.7107264957675494,0.1278197236344428,2.5396656196929945,0.12017305626166547,0.3116939248523718,1126.269,798.607,14445.16,92.337,443.527,3502.1090000000004,314.046,0.426,all,2019-03-28 10:05:03.351
3.3174416192545935,-1.1394645120464617,-0.6334313834177319,-0.7135227253328874,-0.5152768346217219,1126.269,798.607,17809.788,91.06,45.44,3544.051,445.569,0.397,all,2019-03-28 10:05:08.659
2.9403187459428866,-0.9752055541958904,-0.40716731439940607,0.012600032554733007,-0.016791421969874903,1163.073,826.71,15401.436000000002,92.704,72.48,3520.797,375.031,0.381,all,2019-03-28 10:05:13.933
3.074870999323106,-0.2970289571031058,2.402461300011377,-0.4063825828368283,-0.09941604550840089,1131.616,789.8430000000001,16106.84,90.929,417.108,3541.637,383.98900000000003,0.377,all,2019-03-28 10:05:19.301
2.7395419058931507,-0.9270353966191115,-0.5364432159253334,0.1838617600821052,-0.09182056698229256,1124.757,799.9010000000001,14763.368999999999,92.398,57.077,3511.6090000000004,371.842,0.39399999999999996,all,2019-03-28 10:05:24.699
2.6245469484928474,-1.3196321162593088,-0.4965750010678625,-0.1008326385375998,-0.010797384073461404,1124.757,799.9010000000001,15138.911,86.98899999999999,48.839,3548.5429999999997,354.86199999999997,0.39,all,2019-03-28 10:05:29.810
2.62193807453837,-0.8801624460226642,-0.09569309303755402,-0.1742543059691061,-0.11805886460270479,1101.142,751.4580000000001,15459.546,87.633,109.44,3526.8909999999996,359.86,0.4,all,2019-03-28 10:05:35.141
2.524280430038755,-0.8252856304605382,1.3503786817611245,-0.060077257664739134,-0.0425217074451044,1090.197,756.128,14528.452,88.22399999999999,274.397,3552.176,349.038,0.376,all,2019-03-28 10:05:40.427
2.1445919562083335,-0.9473861057740386,0.31213802355716974,-0.20476052259715946,-0.0657570520549768,1030.1580000000001,692.44,14742.82,83.925,150.238,3543.953,318.072,0.368,all,2019-03-28 10:05:45.507
1.883549892228749,-0.8877604748032547,-0.49016810389602755,-0.44979468701140457,0.3370838290912359,1030.1580000000001,692.44,15426.483,77.755,61.602,3528.4179999999997,243.329,0.359,all,2019-03-28 10:05:50.531
1.8208484677261012,-0.9554100690091272,-0.4485951588336045,-0.06383746564572143,-0.11237833702713275,994.2860000000001,652.212,14253.863000000001,79.10600000000001,60.798,3526.355,305.0,0.414,all,2019-03-28 10:05:55.892
1.6341987138221874,0.12568798543713477,3.722209205977762,-0.3757427171347596,0.011210237622880372,918.592,601.063,14036.497,74.14399999999999,571.5369999999999,3546.113,267.653,0.397,all,2019-03-28 10:06:00.943
1.1550352863664917,-1.1709034580161934,-0.444013926316463,-0.21822504952567545,-0.1077652818660258,895.2739999999999,567.727,13708.176000000001,70.262,49.92,3549.512,255.926,0.359,all,2019-03-28 10:06:06.545
1.3088357213216295,-0.5354488412641889,0.8487806010751383,-0.27161215588542637,-0.05999520128535388,895.2739999999999,567.727,13973.278999999999,72.153,219.84,3531.3590000000004,254.5,0.366,all,2019-03-28 10:06:11.740
0.8136966707522085,-1.0020392838079655,-0.24310779556763926,-0.15417999138691552,0.04470706160132093,871.415,544.633,13177.112,63.393,76.476,3541.441,217.977,0.34600000000000003,all,2019-03-28 10:06:17.335
0.7700918243311742,-0.9277538555602312,0.33815963167095664,-0.2620507435695078,0.03142300696797045,856.135,533.023,13254.577,61.437,145.127,3551.4840000000004,215.396,0.379,all,2019-03-28 10:06:22.958
0.8211366576912876,-0.916302276097608,-0.17895550190009507,-0.6282583416448166,0.13562933893954493,840.706,509.615,14443.075,66.633,88.63799999999999,3547.6020000000003,185.483,0.363,all,2019-03-28 10:06:28.463
0.9728316121863825,-0.5251098063468094,0.15054903433203104,-0.5178141616767152,-0.0013013175681124887,843.6460000000001,518.8340000000001,14492.906,65.625,139.841,3522.816,216.06900000000002,0.35700000000000004,all,2019-03-28 10:06:33.620
0.5199759660977991,-1.0533002810871839,-0.33627972111293536,-0.0990881417689276,-0.052458393875362816,821.5060000000001,497.83099999999996,12665.216999999999,60.583,61.598,3543.625,210.324,0.35600000000000004,all,2019-03-28 10:06:39.149
0.5136340708239676,-0.9306260605269429,0.19762642430411642,-0.23513745320801016,0.06339668623365492,821.5060000000001,497.83099999999996,12902.671999999999,60.153,127.205,3549.305,191.6,0.36200000000000004,all,2019-03-28 10:06:44.791
0.5792813413137625,-1.034306858868645,-0.14717873146256943,-0.41542272326303886,-0.03851616658860616,814.461,488.48400000000004,13528.505,59.772,85.439,3553.5040000000004,204.046,0.335,all,2019-03-28 10:06:50.288
0.6391141387033881,-0.4750064228529719,1.5956161302977374,-0.25709074107391294,-0.01887195744420164,804.39,478.037,12870.863000000001,64.653,302.08299999999997,3546.375,203.72299999999998,0.33,all,2019-03-28 10:06:55.709
0.2550523769433636,-0.7102050788125623,-0.562553198449159,-0.06657977296515144,-0.0053968860319314705,776.421,472.189,12576.785,55.091,45.92,3513.961,184.597,0.344,all,2019-03-28 10:07:01.259
0.38262661480199456,-0.9623128736153364,-0.48567216305921057,-0.3888538335266556,6.865444254524624e-05,776.421,472.189,13377.026000000002,58.636,48.0,3541.1859999999997,182.34099999999998,0.384,all,2019-03-28 10:07:06.515
0.02701885241557045,-0.9646019791494532,0.610257953033603,-0.24439972401721533,0.2523980323396522,767.926,449.70300000000003,12136.024,56.599,169.925,3563.305,132.79,0.332,all,2019-03-28 10:07:11.964
-0.004845045753234596,-1.071288492070761,-0.40048179521146965,-0.14368095925844063,-0.056369867662908475,744.385,427.099,12153.386,53.721000000000004,50.24,3547.395,172.972,0.34600000000000003,all,2019-03-28 10:07:17.334
0.12914976298206587,-0.7477588208202659,0.7721304201897959,-0.3703664023374964,-0.04111376138190566,730.804,420.72,12685.286,56.497,196.16099999999997,3553.8790000000004,170.062,0.336,all,2019-03-28 10:07:22.839
0.1706494459593903,-1.0431685689121606,-0.40295790904509593,-0.4521039848110747,-0.026655833036522088,753.918,434.598,13211.17,54.773999999999994,53.44,3551.586,171.87099999999998,0.355,all,2019-03-28 10:07:28.360
-0.07174218327681364,-0.7129206102002373,-0.5527010957196833,0.011374843541871165,-0.07198977499353175,729.0830000000001,413.63199999999995,11947.191,53.09,44.158,3514.395,170.048,0.34299999999999997,all,2019-03-28 10:07:33.883
0.08096339035484415,-0.34569780217299745,0.7772131925535385,-0.2208208522657981,-0.06221047022942743,729.0830000000001,413.63199999999995,12516.418,52.538000000000004,209.77599999999998,3521.09,173.855,0.409,all,2019-03-28 10:07:38.947
0.08503968584117998,-1.175171256968029,-0.4495426238827046,-0.4699147889272304,-0.019374582881462026,753.5360000000001,425.385,13092.133,52.847,43.198,3561.125,167.39700000000002,0.364,all,2019-03-28 10:07:44.472
0.07357619653203845,-0.7342166692639203,-0.4912632347899354,-0.3428198362347754,-0.029792801007756477,737.438,419.00699999999995,13040.196000000002,52.95,52.961000000000006,3524.8320000000003,165.727,0.32799999999999996,all,2019-03-28 10:07:49.852
-0.13766598600271684,-0.8277397228464145,0.2513360555579598,-0.44616302017001364,0.12563795642963135,716.443,400.16900000000004,12703.764,52.412,133.276,3551.258,129.299,0.36700000000000005,all,2019-03-28 10:07:55.348
0.05006443359430164,-0.3085349913623264,2.462527927387278,-0.36986132945670414,-0.02146568091531696,716.443,400.16900000000004,12269.161,53.152,402.736,3558.836,164.954,0.33299999999999996,all,2019-03-28 10:08:00.848
-0.08294834108884583,-1.1861063856119722,-0.38714030183816905,-0.5283129342391739,0.024029766049106432,729.5219999999999,415.00199999999995,13023.081,49.211999999999996,49.12,3565.486,150.572,0.33399999999999996,all,2019-03-28 10:08:06.416
-0.2345469360025919,-0.1245090478684841,2.018823156790318,-0.2407475332357802,0.004805212406179311,692.535,370.74800000000005,11882.646999999999,46.92,356.481,3533.941,146.45,0.325,all,2019-03-28 10:08:11.790
-0.24675800340630555,-1.015664132649621,-0.3972968371044707,-0.43615950886537086,-0.08974977531720264,692.421,376.037,12685.603000000001,47.968999999999994,52.0,3551.6209999999996,152.72299999999998,0.318,all,2019-03-28 10:08:17.117
-0.09906838219179902,-0.9815559048411727,-0.2960986005195596,-0.6843818811190904,-0.039441734735419766,699.158,382.35400000000004,13502.862,50.293,66.72,3556.34,147.334,0.359,all,2019-03-28 10:08:22.242
-0.272205204258715,-0.7823895760188396,0.44025868692587045,-0.36814290841810815,-0.08626959147017453,667.472,368.49199999999996,12289.937,51.055,154.40200000000002,3551.34,147.39700000000002,0.325,all,2019-03-28 10:08:27.775
-0.20656098925080948,-0.5286693735935354,-0.610977250811159,-0.36608006535232035,-0.018084974477228222,688.13,382.18300000000005,12943.992,48.284,44.638999999999996,3509.098,142.157,0.364,all,2019-03-28 10:08:33.215
-0.2554065324612015,-0.6993856342349787,-0.5065026625876164,-0.683517285959778,0.14761133327344472,688.13,382.18300000000005,13581.556999999999,46.716,51.998999999999995,3531.414,111.476,0.33299999999999996,all,2019-03-28 10:08:38.433
-0.285877331688063,-0.6954905452839557,0.27545045228250103,-0.5839577433463299,-0.008623074257226089,673.051,360.73800000000006,12988.161,47.373000000000005,139.84,3546.324,132.821,0.374,all,2019-03-28 10:08:43.616
-0.4461724527008672,-0.9819938883835411,-0.2865619408870746,-0.39856231508798773,-0.05339210237076102,659.5930000000001,352.996,12304.486,47.701,64.16,3551.699,132.425,0.35700000000000004,all,2019-03-28 10:08:48.951
-0.4385895737066533,-0.5784911611570274,-0.5450472152034671,-0.45060754391886365,0.007604207478251335,659.5930000000001,352.996,12837.351,44.018,49.28,3517.375,122.66799999999999,0.364,all,2019-03-28 10:08:54.323
-0.3138751042523738,-0.8887587284378736,0.09304827792063795,-0.7751557558689852,-0.05536741922582702,661.164,346.70099999999996,13407.514,46.196999999999996,112.959,3561.324,132.921,0.342,all,2019-03-28 10:08:59.344
-0.3635419097695857,-0.500585166379132,-0.030605336749847365,-0.7206810952378069,-0.020530880269968528,645.076,347.288,13515.663999999999,43.511,111.84100000000001,3528.945,124.054,0.345,all,2019-03-28 10:09:04.606
-0.5499944889142374,-0.09345961594035954,1.576699300107889,-0.61998833473413,-0.011497367018875732,611.008,312.685,12686.806,42.018,306.55400000000003,3532.7070000000003,111.97200000000001,0.336,all,2019-03-28 10:09:10.129
-0.7034522411570101,-1.0103673663995998,-0.40489412734637914,-0.8545516131695664,-0.031965333510284584,611.008,312.685,13272.141000000001,37.87,50.081,3563.27,104.64399999999999,0.364,all,2019-03-28 10:09:15.449
-0.6193251791145624,-0.7935472005153401,-0.43262407859829743,-1.0272339949937939,0.047937374298515675,605.715,302.80400000000003,13955.969,41.95,55.68,3550.2340000000004,87.64200000000001,0.35200000000000004,all,2019-03-28 10:09:20.732
-0.43770546851060194,-0.7362014817999688,0.13536612162630288,-1.1337864437239218,0.05185650962765112,634.763,330.41,14324.437,39.888000000000005,124.001,3559.934,103.038,0.348,all,2019-03-28 10:09:25.857
-0.673756284396967,-0.585419513186983,0.8276938279566333,-0.502531972043224,0.052313356208173005,628.981,321.032,12172.758999999998,41.673,203.516,3550.297,102.693,0.335,all,2019-03-28 10:09:31.166
-0.5492309042553791,-0.6536654647410228,-0.2931126608773076,-0.933811250593714,0.04311353439653827,628.981,321.032,13865.183,39.098,76.641,3540.355,100.204,0.348,all,2019-03-28 10:09:36.544
-0.5282835823556002,-0.5300007219687137,-0.5270042285974061,-1.045380483139706,-0.005353750537238427,606.3530000000001,313.439,14351.111,39.342,54.72,3528.785,100.834,0.335,all,2019-03-28 10:09:41.789
-0.611365182394263,-0.3563344018752289,2.055883467070636,-0.8654240941286147,0.10941922275237087,627.752,308.355,12935.37,38.653,352.96,3568.395,93.48700000000001,0.35700000000000004,all,2019-03-28 10:09:47.050
-0.7432860925704148,-0.6028156891326417,-0.49545581181178094,-0.7674957003199102,0.026104487040561876,612.918,299.09,13295.546999999999,36.611999999999995,53.43899999999999,3529.2929999999997,93.522,0.35200000000000004,all,2019-03-28 10:09:52.354
-0.7279523806892254,-0.7551334533069498,-0.47472051210531635,-1.078478493243824,0.031205335302658628,591.677,302.079,14040.78,35.453,51.841,3548.262,86.412,0.35700000000000004,all,2019-03-28 10:09:57.817
-0.8968286307232066,-0.33195514680646815,0.037000231568803124,-0.9294803245395304,0.11214268823514102,575.535,266.485,13504.936000000002,35.782,122.881,3525.508,63.118,0.38299999999999995,all,2019-03-28 10:10:03.048
-0.7931289513397639,-0.15010150169830286,1.9572227313968373,-1.2657648459182367,0.028786413362124407,568.879,255.892,13978.737,31.448,349.116,3561.617,79.83800000000001,0.332,all,2019-03-28 10:10:08.276
-0.7977604554828766,-0.40548107737723427,-0.47729025300569955,-1.2939669651678045,-0.0038307167776118144,568.879,255.892,14770.381000000001,32.085,64.0,3527.953,77.258,0.34600000000000003,all,2019-03-28 10:10:13.406
-0.8932999591379366,-0.8490382921325599,-0.43722886594980875,-1.1603035430393023,-0.018105589324848622,572.214,262.10400000000004,13981.548999999999,33.105,52.001000000000005,3558.875,80.112,0.33,all,2019-03-28 10:10:18.864
-0.9632330703148733,0.04597318213267366,0.8327666530901804,-0.9945077901855424,0.023116297279770933,547.498,242.429,13580.826000000001,30.811999999999998,225.91299999999998,3517.1020000000003,69.899,0.34,all,2019-03-28 10:10:24.229
-1.0304247699484426,-0.7950357929000395,-0.5577920296297041,-1.076879545239366,-0.038761876316960195,559.389,237.799,13669.018999999998,31.749000000000002,38.881,3551.039,74.64,0.38799999999999996,all,2019-03-28 10:10:29.541
-0.9296302370426577,-0.41805784179505373,-0.42602013645372155,-1.2719671511415709,0.006238445481520303,559.389,237.799,14526.733,30.044,68.477,3530.1409999999996,68.688,0.349,all,2019-03-28 10:10:34.605
-0.971682362523962,-0.13273383142317974,-0.23537371496374276,-1.1782725575765332,0.00021042771949869075,542.571,233.563,14342.116000000002,29.496,99.20299999999999,3511.3320000000003,66.32600000000001,0.349,all,2019-03-28 10:10:39.805
-0.9595687905353996,0.07681210357217308,1.8903743346872144,-1.1513348122582585,0.07196228308989124,537.774,235.43,13621.695,31.995,347.684,3541.5820000000003,59.997,0.33399999999999996,all,2019-03-28 10:10:45.053
-1.2234954711950565,-0.5454172998484875,-0.510962842647912,-0.7940969303558779,-0.0034604616821032543,537.774,235.43,12830.465,29.252,50.4,3527.9570000000003,63.486999999999995,0.305,all,2019-03-28 10:10:50.263
-1.0218118361484279,-0.7129330054809291,-0.3418681555903132,-1.337445424730101,0.00816606534885626,549.271,240.47400000000002,14371.916000000001,28.136999999999997,67.521,3555.7340000000004,64.748,0.34700000000000003,all,2019-03-28 10:10:55.398
-1.1293719549600267,-0.5225530094937002,-0.12491134771302431,-1.3067839033918152,-0.05363525054389636,503.73800000000006,217.738,14180.752,29.395,97.439,3546.4840000000004,59.847,0.34700000000000003,all,2019-03-28 10:11:00.696
-1.111456373394932,-0.5373644711921193,0.7373084473548026,-1.1463837103606545,-0.01400059467834056,525.889,226.09799999999998,13442.206,30.971999999999998,194.392,3562.449,63.371,0.37799999999999995,all,2019-03-28 10:11:06.071
-1.2315169573370983,-0.7192477325332115,-0.4725521670948635,-1.0601297443294122,-0.02621808533090045,525.889,226.09799999999998,13410.972,27.413,49.762,3547.973,61.023,0.401,all,2019-03-28 10:11:11.290
-1.0809965602367924,-0.600711659390377,-0.3693683736781139,-1.4592554436858927,0.013522022355019477,528.169,223.282,14705.827,27.081,68.321,3550.066,54.394,0.405,all,2019-03-28 10:11:16.615
-1.282685191313662,-0.23004932230283232,-0.4031785755724888,-0.8307339211306872,0.0068548199266001775,519.8340000000001,217.852,13028.171999999999,27.309,73.27600000000001,3508.2459999999996,54.53,0.326,all,2019-03-28 10:11:22.002
-1.2814225787515188,-0.5022617015036505,0.5878697610068434,-1.0416617132163546,0.1512378929306179,543.229,236.38,13070.28,24.564,177.769,3554.637,40.45,0.345,all,2019-03-28 10:11:27.457
-1.2264413171620563,-0.5911001213030231,-0.5541777220056701,-1.5235806005672368,-0.10378436596555114,470.006,193.78099999999998,14755.48,27.176,46.4,3547.8979999999997,52.169,0.34299999999999997,all,2019-03-28 10:11:32.685
-1.3881304550840532,-0.6360289489748168,-0.27922929877623637,-1.0940057893092685,0.00917624880877861,505.85,204.947,13296.989,24.72,73.749,3547.6290000000004,45.162,0.33,all,2019-03-28 10:11:37.829
-1.3077909957922187,0.15497498492298398,1.2363865409686867,-1.2061464098418198,0.0011934378212449547,480.48800000000006,192.162,13666.858999999999,23.12,273.95,3524.77,45.119,0.301,all,2019-03-28 10:11:42.991
-1.3724260564691533,-0.6955353903771857,-0.43729881966723366,-1.363355546237429,-0.04926625563181429,480.48800000000006,192.162,14052.468,24.234,54.723,3554.98,44.702,0.37,all,2019-03-28 10:11:48.474
-1.330579555951707,-0.35012975003141955,0.6399796597707913,-1.3679186750967685,-0.08038057236792,463.24199999999996,178.69099999999997,13929.052,26.465,188.959,3553.078,47.493,0.34299999999999997,all,2019-03-28 10:11:53.694
-1.3770868219882195,-0.5840272863583853,-0.5182235090099463,-1.1081585378404932,-0.041081552340692135,493.314,194.544,13457.0,26.315,48.318999999999996,3538.969,47.971000000000004,0.335,all,2019-03-28 10:11:59.109
-1.664475963464926,-0.7440814223609508,-0.40717545522939996,-1.007122404773297,-0.1143975014640452,446.309,173.646,12697.016000000001,22.362,52.801,3552.473,42.858000000000004,0.364,all,2019-03-28 10:12:04.158
-2.5083412627583583,-0.5570805690260916,-0.10394515105724172,0.38890554480307604,0.12776137952797423,446.309,173.646,7982.286999999999,12.360999999999999,83.198,3516.23,2.244,0.318,all,2019-03-28 10:12:09.666
-2.617162157203216,-0.5993599490093529,-0.3468941678965972,0.1931407732713556,0.011196485636471328,417.07599999999996,120.167,8424.284,11.308,53.92,3519.445,1.6059999999999999,0.301,all,2019-03-28 10:12:15.032
-2.6115267297596176,-0.12382993766179813,2.083167046980436,0.3353320034089472,0.05601143666623197,410.707,121.867,7466.353,11.93,345.602,3534.098,1.965,0.29,all,2019-03-28 10:12:20.236
-2.782754263063134,-0.6889827816089811,-0.31806637037897234,0.5382982489640733,0.0015499573684952474,410.707,121.867,7225.576,11.216,51.519,3519.414,1.931,0.32799999999999996,all,2019-03-28 10:12:25.744
-2.6923779392160454,-0.6501604504927643,-0.40251782251055107,0.3638244834663037,0.012175084795592928,416.296,121.345,7859.851,11.502,44.64,3518.3320000000003,1.2329999999999999,0.309,all,2019-03-28 10:12:31.229
-2.816175895365042,-0.7269804966168121,-0.288773697316623,0.4453825115486507,-0.04500715569553544,385.353,113.838,7389.531,11.422,53.44,3525.3520000000003,1.301,0.289,all,2019-03-28 10:12:36.717
-2.7514894811707493,-0.27626555865607,2.0845943660630972,0.4632222967289221,0.019204579586063066,391.681,116.07600000000001,6848.414000000001,11.392999999999999,338.879,3543.16,1.33,0.278,all,2019-03-28 10:12:42.020
-2.747005344149976,-0.6233998911436716,-0.31066973844361717,0.44176180055420466,-0.005579472204581286,405.265,117.96700000000001,7564.728,11.547,55.2,3516.863,1.1079999999999999,0.312,all,2019-03-28 10:12:47.347
-2.6582939741555873,-0.7265537732046865,-0.38721722383981144,0.21376820258687454,-0.007372953383903263,408.398,118.859,8242.427,11.982999999999999,44.48,3527.715,1.5219999999999998,0.29,all,2019-03-28 10:12:52.729
-2.8157924200070097,-1.0007591600950176,-0.15981596685617738,0.4566749267360918,0.0011847314832547212,415.69300000000004,119.087,7140.054,10.960999999999999,58.88,3547.93,1.4369999999999998,0.33299999999999996,all,2019-03-28 10:12:58.261
-2.8253218723298317,-0.9331149288805011,0.8056748200341791,0.5015749930057105,0.0213093740405647,415.69300000000004,119.087,6693.102,11.582,170.56,3563.0159999999996,1.061,0.271,all,2019-03-28 10:13:03.476
-2.7026327659844607,-0.9277093157366456,-0.23110555663496427,0.2131683949713055,-0.0031218890315776048,415.79699999999997,114.682,8001.522,11.552999999999999,55.038999999999994,3546.164,1.1840000000000002,0.295,all,2019-03-28 10:13:08.737
-2.7129007286052644,-0.5573642546841487,1.1854121393294135,0.37691873052333186,0.02811168197929422,408.208,120.75299999999999,7272.62,11.821,227.84099999999998,3546.0040000000004,1.163,0.312,all,2019-03-28 10:13:14.083
-2.840612519992553,-0.9148932208500241,-0.24371345806720596,0.5225783098061495,-0.004441283492545379,409.278,119.34200000000001,7020.988,10.757,51.841,3538.363,1.0190000000000001,0.29600000000000004,all,2019-03-28 10:13:19.294
-2.655701109707463,-0.5013426194783593,-0.43558399100207384,0.31414372034148963,0.002862515349019172,409.278,119.34200000000001,8145.606,11.773,46.4,3507.66,1.176,0.308,all,2019-03-28 10:13:24.516
-2.615626198867315,-0.7336761156559076,0.6671241926683336,0.14427446142971695,0.03725952228912949,422.305,122.262,8091.325,11.953,164.64,3552.6090000000004,1.063,0.28300000000000003,all,2019-03-28 10:13:29.551
-2.810378117244971,-0.7945553327121565,-0.2611672229290383,0.48309045501068804,-0.020603271824187308,398.213,117.20299999999999,7241.460999999999,11.725,54.24,3529.949,0.987,0.313,all,2019-03-28 10:13:34.959
-2.773991045659151,-0.5517685312445242,0.7345466590520355,0.4337816299114445,0.0015662363606717693,398.213,117.20299999999999,7220.2919999999995,10.62,176.15599999999998,3534.762,1.097,0.31,all,2019-03-28 10:13:40.454
-2.7191203426264403,-0.8211206784858534,-0.3540079339302197,0.21063434771955666,-0.03452009804446099,396.61300000000006,111.235,8098.415,11.77,44.481,3535.863,0.991,0.336,all,2019-03-28 10:13:45.471
-2.655684099498407,-0.4265225060870284,1.2866572118356516,0.20250922346324313,0.003970081791265313,392.764,116.031,7855.34,11.937000000000001,244.8,3542.473,1.004,0.303,all,2019-03-28 10:13:50.635
-2.720111869253357,-0.7051002359300845,-0.29430575532882464,0.3912579886662619,0.009719247846595353,415.88,119.23,7674.853,11.57,54.72,3524.2459999999996,1.123,0.295,all,2019-03-28 10:13:55.977
-2.734150396369984,-0.5876258778958039,1.353745885584391,0.4033802825019759,0.040251738365227135,415.88,119.23,7099.908,11.004000000000001,245.75599999999997,3551.355,1.0490000000000002,0.303,all,2019-03-28 10:14:01.336
-2.716482821134904,-0.7579164314365503,-0.29488153590568666,0.3073271255664853,-0.006539962114754117,407.096,118.74,7868.661999999999,11.422,53.12,3530.133,1.16,0.293,all,2019-03-28 10:14:06.694
-2.9817694628657354,-0.9656530563925173,-0.13908511038273558,0.795408524232355,-0.01682582666670447,402.555,116.244,6042.585,10.696,59.84,3538.711,0.983,0.304,all,2019-03-28 10:14:12.191
-2.6356100551251638,-0.19651783125907896,2.01626075019027,0.2214288183032469,0.02281266963345711,395.457,112.45299999999999,7715.041,11.64,335.667,3540.887,0.873,0.315,all,2019-03-28 10:14:17.533
-2.7647447988812277,-1.0866329729747481,-0.20395971909169094,0.2599881745800325,-0.013932755500918173,413.629,111.821,7683.746,11.453,52.001000000000005,3557.703,1.148,0.302,all,2019-03-28 10:14:22.962
-2.812302199119855,-0.8893121056450803,-0.22169925876339236,0.6307152471733711,-0.06034890157646496,418.014,116.74799999999999,6776.357,11.376,54.879,3534.34,13.155999999999999,0.301,all,2019-03-28 10:14:28.162
-2.6988425741848667,-0.49164482415265764,2.185369461531998,0.3943714959032031,-0.025613634857757868,405.93300000000005,119.427,6928.965,10.818,343.528,3562.6290000000004,13.1,0.312,all,2019-03-28 10:14:33.624
-2.6562072237833174,-0.6894984029353777,-0.3046172210083013,0.22983992806181247,-0.02834876086883618,405.93300000000005,119.427,8200.446,11.491,55.038999999999994,3526.438,5.1739999999999995,0.28600000000000003,all,2019-03-28 10:14:38.858
-2.7822798183904367,-0.9254909951471302,-0.31209607135403755,0.4577022577651154,-0.022549091596816423,412.036,120.419,7282.375,11.440999999999999,44.321000000000005,3538.91,4.979,0.305,all,2019-03-28 10:14:44.374
-2.7251704572095976,-0.5383474506484032,0.8393048103657235,0.4157503126950588,0.02102185066814018,407.283,119.49600000000001,7293.249,11.797,188.957,3536.195,1.021,0.312,all,2019-03-28 10:14:49.856
-2.903601111183953,-1.1476485176964846,-0.18856935041088932,0.5636805026046906,-0.01355005790915668,407.283,119.49600000000001,6656.861999999999,10.954,49.441,3556.094,1.122,0.308,all,2019-03-28 10:14:55.079
-2.651294595952896,-0.7678788187871105,-0.21320816961581462,0.15381058819336674,-0.03533443415547633,405.909,114.287,8322.421,11.622,63.04,3535.992,5.012,0.287,all,2019-03-28 10:15:00.233
-2.552250284614049,-0.3104028501519987,1.7135087034249348,0.10943393006617709,0.05349421230381047,414.244,121.74,8158.233,11.749,298.559,3544.785,1.067,0.295,all,2019-03-28 10:15:05.616
-2.8209577141034683,-0.7501959451002814,-0.25598381241178775,0.5203144532098528,-0.017985183928794887,398.733,117.959,7159.5380000000005,11.277999999999999,56.16,3525.961,1.102,0.302,all,2019-03-28 10:15:10.976
-2.792514530781131,-0.9100531931475462,0.2588086725795356,0.35966033349801996,-0.01453443538521381,398.733,117.959,7327.97,11.458,109.92,3552.637,0.988,0.319,all,2019-03-28 10:15:16.437
-2.7611579903470433,-1.038482724087996,0.08267136075575637,0.2699683979601399,-0.016791365594251866,402.559,119.88799999999999,7585.840999999999,11.747,86.08200000000001,3560.203,1.619,0.302,all,2019-03-28 10:15:21.559
-2.81122699580196,-0.30667282829843284,0.992538928474223,0.6871346403073637,0.002921800965315521,404.79699999999997,112.77600000000001,6562.289000000001,10.982000000000001,212.636,3516.539,3.928,0.314,all,2019-03-28 10:15:26.931
-2.716695641224509,-0.7561472709533339,-0.3671346343671085,0.38249148226255336,0.015662772084970134,421.19599999999997,119.485,7697.008000000001,11.485,44.8,3526.5820000000003,1.074,0.29100000000000004,all,2019-03-28 10:15:32.344
-2.748297550121208,-0.8520299444752004,-0.2618076413626293,0.4048119558518796,0.010578178785763934,419.787,118.234,7494.255999999999,11.649000000000001,53.119,3535.598,1.139,0.408,all,2019-03-28 10:15:37.520
-2.886863041126926,-0.6422948074492881,0.06983557167316021,0.6748184245132559,-0.02897729125505511,388.12699999999995,113.51299999999999,6609.331999999999,11.86,95.681,3521.8709999999996,0.8370000000000001,0.29600000000000004,all,2019-03-28 10:15:42.892
-2.7711901449456096,-0.5361137751846,0.8086748399354913,0.371941455091496,-0.01647954254549521,388.12699999999995,113.51299999999999,7368.749,10.790999999999999,185.28,3536.7270000000003,0.97,0.295,all,2019-03-28 10:15:48.273
-2.730632376492147,-0.940939012278993,-0.22785851799516235,0.2352637956092101,-0.01819517964681875,403.27,117.78299999999999,7895.9580000000005,11.607999999999999,54.56,3546.887,1.15,0.303,all,2019-03-28 10:15:53.639
-2.6076414796511456,-0.6336368272184577,0.7001734662092547,0.0984908219987185,0.019738619324214737,413.083,116.96,8275.921,11.859000000000002,172.0,3547.047,1.035,0.322,all,2019-03-28 10:15:59.120
-2.818534212373341,-0.6458462189239369,-0.2890575091843543,0.5153464907791209,-0.028747246938415155,393.844,113.28299999999999,7256.154,11.168,56.0,3517.68,1.0590000000000002,0.28800000000000003,all,2019-03-28 10:16:04.340
-2.867150465286275,-0.952373305099768,0.1230489935930651,0.48099838807999906,-0.03174628385105876,393.844,113.28299999999999,6931.6669999999995,11.373,91.99799999999999,3550.344,1.151,0.305,all,2019-03-28 10:16:09.754
-2.6600486617048174,-0.2389214719563943,0.7181032530521193,0.34848647349927064,0.016991971061988013,404.76,114.164,7798.303000000001,11.374,186.24099999999999,3512.742,0.966,0.303,all,2019-03-28 10:16:15.151
-2.725813249399079,-0.6992766566802342,-0.3745976361827802,0.38013181626338244,4.593243183972254e-05,409.736,119.21,7730.039000000001,11.554,45.75899999999999,3522.383,0.9620000000000001,0.3,all,2019-03-28 10:16:20.522
-2.8841647357456273,-0.6470483352774701,0.6907612583627267,0.6550927608013689,-0.0033785199485628914,398.152,115.444,6444.041,10.649000000000001,166.245,3536.176,1.143,0.35,all,2019-03-28 10:16:25.799
-2.815033765284202,-0.9858057619051238,-0.20239927804240784,0.3755559317480485,-0.02839932399343076,398.152,115.444,7377.185,11.366,54.721000000000004,3547.8979999999997,1.003,0.29600000000000004,all,2019-03-28 10:16:31.292
-2.8681894996523973,-0.8402423279274526,-0.18873910502895647,0.6022718831407687,-0.023566850649113253,399.028,114.26299999999999,6791.941,11.967,60.001000000000005,3532.387,1.153,0.312,all,2019-03-28 10:16:36.630
-2.8833617756557075,-1.0269051904477111,0.2797910824479126,0.5226641237896105,-0.010183248745917688,401.01199999999994,120.48100000000001,6699.755,10.753,107.041,3558.309,0.987,0.28600000000000003,all,2019-03-28 10:16:41.914
-2.7666334419395366,-0.7300820967140177,-0.26919438495269055,0.4244072887367523,-0.009712729466934128,404.806,116.83,7501.166,11.458,56.16,3526.1479999999997,0.997,0.313,all,2019-03-28 10:16:47.343
-2.7562785643733845,-0.7369424776450059,-0.20973427095413247,0.385700960141559,-0.014821511143100876,404.42199999999997,113.30799999999999,7588.541,11.732000000000001,62.88,3528.824,1.102,0.312,all,2019-03-28 10:16:52.762
-2.845468661353269,-0.8986872796542059,-0.16652956672738262,0.5394573909464224,-0.016620400128356014,403.55199999999996,115.414,6942.785,11.884,60.958999999999996,3538.5229999999997,1.101,0.282,all,2019-03-28 10:16:58.024
-2.672642339624705,-0.203314561500152,2.0054550343385036,0.33336162416832316,0.03790687544894789,403.55199999999996,115.414,7376.456,10.849,333.60699999999997,3538.652,1.071,0.28800000000000003,all,2019-03-28 10:17:03.084
-2.654064981655267,-0.5087926451040715,-0.3555555063257882,0.4098651967688244,0.03875119338028314,429.986,120.85,7860.124,11.856,55.04,3507.586,1.031,0.33899999999999997,all,2019-03-28 10:17:08.498
-2.768423809840796,-0.7633956761322581,-0.36007590119436444,0.39008920309047534,-0.020753463945388805,404.434,110.728,7599.72,11.63,44.8,3527.453,0.9940000000000001,0.294,all,2019-03-28 10:17:13.766
-2.775707395175698,-1.02050677186209,-0.15031926467307805,0.43418127282561636,0.019130105029875864,423.311,122.39,7228.459,11.934000000000001,59.68,3549.8790000000004,1.005,0.313,all,2019-03-28 10:17:19.158
-2.6222128646517615,0.057371397905947016,1.9904256082550589,0.4543281961919186,0.08477175411838184,423.311,122.39,7299.706999999999,10.61,340.955,3515.8790000000004,1.1179999999999999,0.289,all,2019-03-28 10:17:24.582
-2.7440772631865378,-0.924978467080638,-0.30567111542963854,0.3877857679866385,0.015973741076875634,424.717,118.613,7513.151999999999,11.732000000000001,45.76,3540.375,1.079,0.294,all,2019-03-28 10:17:29.683
-2.6901016888362297,-1.0029831602405153,-0.2189375208809001,0.23501081982299743,0.0204309992898543,427.064,120.579,7905.672,11.779000000000002,53.92,3551.336,1.071,0.308,all,2019-03-28 10:17:35.075
-2.8242464548638218,-0.7058858576562433,-0.20027763506155077,0.5820362030672321,-0.0022856908582197023,409.555,115.45,7001.105,11.174000000000001,63.841,3522.422,1.11,0.32799999999999996,all,2019-03-28 10:17:40.515
-2.805004307756983,-0.689863030980618,0.18377497982353508,0.533096571015495,0.004731830865769987,409.555,115.45,7024.196999999999,11.305,108.32,3530.684,1.011,0.32299999999999995,all,2019-03-28 10:17:45.574
-2.7327274178298366,-0.9162630385130769,-0.23137187765870038,0.2888168333147685,-0.003999975299389155,415.006,113.43,7767.831999999999,11.731,54.88,3543.688,0.975,0.309,all,2019-03-28 10:17:50.785
-2.825596144775929,-0.7089581620443413,-0.27524831336160277,0.625108744877571,0.0027714673379973004,411.099,118.087,6907.355,11.637,55.04,3519.992,1.062,0.308,all,2019-03-28 10:17:55.921
-2.7944847255795784,-0.9767408266917003,-0.2599060757555678,0.4691687416564331,0.015771010557080613,419.01800000000003,125.59,7186.611,11.092,48.479,3543.539,1.09,0.33899999999999997,all,2019-03-28 10:18:01.239
-2.595993641463301,-0.4438631892362326,0.533044499332608,0.23027446172241775,0.04333403421062409,419.01800000000003,125.59,8129.246,11.626,159.201,3526.188,1.0590000000000002,0.337,all,2019-03-28 10:18:06.569
-2.8071629664739093,-0.6021745866523065,-0.3058259882799691,0.4981336778328562,-0.038238999544180086,389.246,110.336,7345.693,11.811,55.681000000000004,3514.473,1.014,0.307,all,2019-03-28 10:18:11.838
-2.7299382836432695,-0.6153615390247569,0.6195357173167468,0.3721298623385312,0.02157053211457489,415.594,114.773,7441.076999999999,10.805,161.6,3538.09,0.968,0.304,all,2019-03-28 10:18:17.151
-2.6001381989238888,-0.5019405220311164,-0.3559012553042949,0.2073894898708863,0.015827600027177747,418.651,117.698,8471.681999999999,11.754000000000001,56.318999999999996,3511.637,1.153,0.294,all,2019-03-28 10:18:22.526
-2.6395626336415896,-0.42206490398007107,2.009807536821127,0.1052000011794598,0.005487430069398267,389.941,111.86399999999999,7871.215,11.925,327.524,3560.172,1.0270000000000001,0.319,all,2019-03-28 10:18:27.946
-2.8426496606548084,-0.7869854841448677,-0.23918165844038053,0.5953406257237636,0.001527422689080526,411.255,118.1,6906.415,10.825999999999999,56.479,3527.316,0.9620000000000001,0.299,all,2019-03-28 10:18:33.322
-2.849606496230021,-0.8446302959005433,0.22583818361278157,0.5965882902483791,0.006453135747942776,411.255,118.1,6680.654,11.484000000000002,107.2,3541.7340000000004,1.1540000000000001,0.27399999999999997,all,2019-03-28 10:18:38.498
-2.6445537413565243,-0.662494463906417,-0.30998067418176845,0.18881507427333757,-0.002704143893207548,410.005,115.988,8341.002,11.796,55.68,3525.188,0.9890000000000001,0.314,all,2019-03-28 10:18:43.489
-2.7518433425914237,-0.38963687973942335,1.9638181616600336,0.3617716943979495,-0.0001988852133748693,384.977,111.823,7085.845,11.525,321.593,3551.316,0.951,0.35,all,2019-03-28 10:18:48.552
-2.8485974447090823,-0.8553052203497736,-0.3262851645888673,0.564705712341751,-0.004826668811644095,411.51800000000003,116.346,6969.06,10.607000000000001,44.321000000000005,3531.2070000000003,1.114,0.305,all,2019-03-28 10:18:53.872
-2.772824859501594,-0.8768122703037845,-0.2504436937831441,0.41089633050349383,-0.004406777457359695,411.51800000000003,116.346,7424.126,11.812999999999999,53.278999999999996,3537.699,1.046,0.27699999999999997,all,2019-03-28 10:18:59.272
-2.744108104796931,-0.6850337281984636,0.8100527320491026,0.29668415670956355,-0.012709271963263723,395.048,112.29799999999999,7499.026,11.732999999999999,180.804,3549.3520000000003,1.084,0.282,all,2019-03-28 10:19:04.495
-2.8075372846373403,-0.7660337818654216,-0.24989422352236787,0.5235818004310516,-0.004641763397597311,410.539,114.90100000000001,7155.27,11.386,56.48,3527.066,1.1640000000000001,0.33799999999999997,all,2019-03-28 10:19:09.532
-2.874317746498656,-0.4988954519447023,0.7329153582048737,0.6623825581640502,-0.008639798477462157,396.515,108.679,6517.047,10.745,176.15900000000002,3525.969,0.987,0.364,all,2019-03-28 10:19:15.029
-2.7547969961976047,-0.8120333059712241,-0.26188837759011185,0.28276850902466255,-0.035107878691840524,396.515,108.679,7833.281,11.687999999999999,54.718999999999994,3535.688,0.8590000000000001,0.312,all,2019-03-28 10:19:20.430
-2.714617212874284,-0.7627786884629099,-0.2286668383927061,0.30749886328497733,-0.006385944732815656,409.219,115.604,7840.044,11.802999999999999,60.481,3531.922,1.167,0.305,all,2019-03-28 10:19:25.862
-2.719494819670569,-0.36796931131556604,2.097360795868439,0.43875894346111405,0.04580085643509133,405.221,121.37200000000001,6888.924,11.728,337.598,3550.539,1.0270000000000001,0.299,all,2019-03-28 10:19:31.176
-2.729809176111408,-0.7474290827785741,-0.29282254920367234,0.34968831971739184,-0.00528164850064113,405.221,121.37200000000001,7745.222,11.419,53.441,3528.4770000000003,1.135,0.282,all,2019-03-28 10:19:36.570
-2.7044499673702265,-0.4606082025770434,-0.2760344103346561,0.36369337651424366,-0.01775538575344159,398.19,112.509,7917.348000000001,11.817,65.279,3507.285,0.991,0.29,all,2019-03-28 10:19:41.829
-2.7858773591141253,-0.59744265122643,0.6786159191679705,0.5410852320800418,0.025882753624957493,414.881,117.23100000000001,6907.871999999999,11.144,167.845,3534.3590000000004,1.013,0.298,all,2019-03-28 10:19:47.038
-2.833400372890993,-0.6422584509273852,-0.28576322103972734,0.6374418653022944,-0.008336196074182201,406.056,114.40799999999999,6911.052,11.663,55.994,3514.625,1.159,0.297,all,2019-03-28 10:19:52.383
